gpr_amplitude,pd_intensity,soil_resistivity,burial_depth,status
0.3745401188473625,0.26170568373590597,576.2759195007568,2.120642385194555,Healthy
0.9507143064099162,0.24697879907199982,807.3780060069864,0.9309659052629156,Degraded
0.7319939418114051,0.9062545805210367,762.5593204922575,2.6809864083870374,Insulation Failure
0.5986584841970366,0.2495461998495061,162.36090564683593,2.0327905976731038,Degraded
0.15601864044243652,0.271949726128631,157.75697504405917,0.8930097088923856,Healthy
0.15599452033620265,0.7593982624179637,275.4926240674642,2.905845143703017,Insulation Failure
0.05808361216819946,0.44973984245054,367.46397907762685,1.7959136583383015,Degraded
0.8661761457749352,0.7767105569551812,414.3710255943978,0.6822461296791376,Insulation Failure
0.6011150117432088,0.06536615756438524,682.9002446650118,2.067082261037668,Degraded
0.7080725777960455,0.4875711936733843,66.11362784417705,1.1329972675320255,Degraded
0.020584494295802447,0.03361360018328263,44.32597718380572,2.5092336296932563,Healthy
0.9699098521619943,0.06265320345535452,397.9914573144699,2.5445551839154765,Physical Break
0.8324426408004217,0.906437453344411,700.1920552166007,2.9473683896366545,Insulation Failure
0.21233911067827616,0.13924537111759516,201.50098952691775,1.7546738275612592,Healthy
0.18182496720710062,0.5324206822752171,645.0894364436892,1.6373921993193428,Degraded
0.18340450985343382,0.41109560260070654,267.22985656089645,2.3836890136162014,Degraded
0.3042422429595377,0.3473433262588427,887.2252477253812,0.8311766408548165,Healthy
0.5247564316322378,0.8998333456872725,896.7330448239503,1.8672887844828105,Insulation Failure
0.43194501864211576,0.0218233967754895,304.3143322385132,1.8656190003271274,Healthy
0.2912291401980419,0.6637896861755891,237.6938164236081,0.723682807025968,Degraded
0.6118528947223795,0.9633944342135504,417.19093234556897,1.544960213767284,Insulation Failure
0.13949386065204183,0.5601681834618419,248.12626932834723,2.6332119964180047,Degraded
0.29214464853521815,0.9368224620330918,675.6600048587866,2.640384054986651,Insulation Failure
0.3663618432936917,0.05225787928602377,827.8040377028027,0.7480941622992026,Healthy
0.45606998421703593,0.4187933190741614,676.3612096021049,0.7268022068695772,Degraded
0.7851759613930136,0.26015779096205116,826.1069427768559,1.1567386925048382,Degraded
0.19967378215835974,0.7308209649807298,403.0222405853994,2.6869151563849836,Degraded
0.5142344384136116,0.9812970904972467,164.75380100177225,0.8222564626837474,Insulation Failure
0.5924145688620425,0.2565300624442478,740.5714379236163,2.2999920065686155,Degraded
0.046450412719997725,0.6541746014740745,366.86976009013836,0.752914049032758,Degraded
0.6075448519014384,0.19809763275974013,674.5581169768412,2.0578446343695633,Degraded
0.17052412368729153,0.5653302545716099,277.937502561948,1.390168247797862,Degraded
0.06505159298527952,0.4639324866883362,90.41733845860594,2.4722849074146676,Degraded
0.9488855372533332,0.9720053296315371,992.6559775328857,1.084226122063409,Insulation Failure
0.9656320330745594,0.6085272726964666,164.63949285129328,2.0980045734748995,Degraded
0.8083973481164611,0.3495063720868188,988.5367840238463,1.0892063364397124,Degraded
0.3046137691733707,0.11409578488793337,977.5071332407829,2.2841507077803844,Healthy
0.09767211400638387,0.15124682873493456,795.8799228689593,2.6841950864018718,Healthy
0.6842330265121569,0.2253169299512351,662.8287324611777,0.8170044978169001,Degraded
0.4401524937396013,0.250966661340298,582.0289797485739,2.6664892214887588,Healthy
0.12203823484477883,0.8506160578411378,867.4405299240564,1.9839381360357449,Insulation Failure
0.4951769101112702,0.5612227882825249,296.54512640329307,0.8177762271675599,Degraded
0.034388521115218396,0.5233909113743664,473.0044003600283,1.56885463839928,Degraded
0.9093204020787821,0.11476887186921747,623.1960696728369,0.9021507337127448,Physical Break
0.2587799816000169,0.860139693349435,417.0785711107962,2.250869722166424,Insulation Failure
0.662522284353982,0.7228143032084837,433.21158954936527,2.397170336044874,Degraded
0.31171107608941095,0.06766836190000158,336.9818208270636,0.7644913006819973,Healthy
0.5200680211778108,0.7078350972297687,568.5894985176907,1.7653496317366109,Degraded
0.5467102793432796,0.5435382173426461,852.0687827349649,2.536562640064793,Degraded
0.18485445552552704,0.08172534574677826,209.5130942262497,2.840407603877491,Healthy
0.9695846277645586,0.45830064152865646,935.088708365907,1.7837946668544251,Degraded
0.7751328233611146,0.484696287130047,692.1967772107473,2.8756980590285175,Degraded
0.9394989415641891,0.16577454016327575,825.0404805532298,1.8392224261400745,Physical Break
0.8948273504276488,0.9456981470002823,560.6287857037115,1.4854762364997698,Insulation Failure
0.5978999788110851,0.8499753714806619,781.7215344098229,2.6205078213822386,Insulation Failure
0.9218742350231168,0.6690223373291083,26.038393366072537,1.7324567761452228,Moisture Intrusion
0.0884925020519195,0.4622955610006072,820.1966205317399,1.6797562764113076,Degraded
0.1959828624191452,0.4117655415845085,49.737470494512856,1.7257812235245709,Degraded
0.045227288910538066,0.6509734671509542,891.0142425992339,2.6169625046743636,Degraded
0.32533033076326434,0.5454318694069055,992.0431197662568,2.57985385422013,Degraded
0.388677289689482,0.062273105881885615,301.12678755501,1.508799981100528,Healthy
0.2713490317738959,0.5125026487703317,218.21537072293572,1.3332496496763127,Degraded
0.8287375091519293,0.8064036172328395,767.7097302194603,1.7298200600978233,Insulation Failure
0.3567533266935893,0.45923987759695806,260.49607751105066,1.9319312743427726,Degraded
0.28093450968738076,0.05195657755426841,866.9067593404815,1.0958430265699923,Healthy
0.5426960831582485,0.7862781993840331,111.81416623590194,2.4848877117889767,Insulation Failure
0.14092422497476265,0.2013637821359744,134.6956444155647,1.7162069143310572,Healthy
0.8021969807540397,0.2586208348880388,979.3600395496094,1.335113871049899,Degraded
0.07455064367977082,0.1647063534322959,677.1005092873046,0.7670524824099765,Healthy
0.9868869366005173,0.33021506487149754,848.4183521846633,1.0971129010090173,Degraded
0.7722447692966574,0.756751505688635,331.08608357800284,2.8732029293899592,Insulation Failure
0.1987156815341724,0.5193858595039373,679.7189120253984,1.2627492170488166,Degraded
0.005522117123602399,0.20488127415071256,598.2994090355112,0.9221482234175883,Healthy
0.8154614284548342,0.8778300781520408,607.1186189217175,1.651681979137483,Insulation Failure
0.7068573438476171,0.8795818549515292,685.7071349423444,1.2677193584006217,Insulation Failure
0.7290071680409873,0.8705784250460069,579.6055813978076,0.5878981256779854,Insulation Failure
0.7712703466859457,0.23879621138153928,434.7717456096393,1.3078630431985432,Degraded
0.07404465173409036,0.4512393441809881,283.16346743674137,1.8602715598486714,Degraded
0.3584657285442726,0.9849896561408751,770.89551760407,1.8792809300499174,Insulation Failure
0.11586905952512971,0.7720124763099904,234.00970570315434,1.3913973029422217,Insulation Failure
0.8631034258755935,0.027167421225559818,695.43076309287,1.6182568906315016,Degraded
0.6232981268275579,0.06520459126049205,240.99949442283338,2.913794795586916,Degraded
0.3308980248526492,0.46393137681233276,629.0768682549094,1.443371193075779,Degraded
0.06355835028602363,0.9092202058615602,749.6074844577387,1.1455670331499574,Insulation Failure
0.3109823217156622,0.5387017979527142,226.5267500174738,1.1086676101669002,Degraded
0.32518332202674705,0.4978125080342902,69.3438678526952,1.6444115317603354,Degraded
0.7296061783380641,0.10547369995663058,139.66400556423233,2.39880037179236,Degraded
0.6375574713552131,0.656780104724294,609.9369975983152,1.014970460471183,Degraded
0.8872127425763265,0.8221031606002255,850.9519421634782,2.2732403178519203,Insulation Failure
0.4722149251619493,0.38042000750756233,54.54685302307012,0.5528745583735407,Healthy
0.1195942459383017,0.7756118509253275,736.8097464512298,1.547332444959865,Insulation Failure
0.713244787222995,0.9644766539008116,347.9054594905516,2.439662663006967,Insulation Failure
0.7607850486168974,0.2037664591276891,483.7430862203273,1.3468323894360785,Degraded
0.5612771975694962,0.5233296311947413,929.5709543471099,1.9093427536134986,Degraded
0.770967179954561,0.28713795808457554,338.651789688487,1.012448082064777,Degraded
0.49379559636439074,0.7928544190338394,470.6835646000912,2.354988477815431,Insulation Failure
0.5227328293819941,0.5775933658811575,23.545590613074296,0.6306977581718991,Degraded
0.42754101835854963,0.6345824175503038,90.78273280478999,2.631356612188751,Degraded
0.02541912674409519,0.7979141596158941,266.0056752234362,0.9954909660541704,Insulation Failure
0.10789142699330445,0.3959704726624549,37.573718412863656,2.685995079270827,Healthy
0.03142918568673425,0.9150900684070432,635.0615727877685,1.3813231032512934,Insulation Failure
0.6364104112637804,0.53302886724614,432.1343732336063,2.3067089361862165,Degraded
0.3143559810763267,0.157954822835348,552.6637507007418,1.2980632444654712,Healthy
0.5085706911647028,0.6958991181688025,182.90071403736624,2.764779178086619,Degraded
0.907566473926093,0.7932613504382544,302.97270914225,0.816592813795936,Insulation Failure
0.24929222914887494,0.31676167706752667,667.1862301041979,0.9462994731814968,Healthy
0.41038292303562973,0.857179256998753,965.6496963940958,1.7325753128970058,Insulation Failure
0.7555511385430487,0.9061432547657664,59.91260586618711,0.7048460975953653,Insulation Failure
0.22879816549162246,0.2769044873778089,891.4804776467134,0.9899504617544048,Healthy
0.07697990982879299,0.9835214727152221,581.1123892980963,2.859415955530036,Insulation Failure
0.289751452913768,0.14071152804875842,568.2803710880675,2.941224152869718,Healthy
0.16122128725400442,0.20201566840248997,505.2757498556827,1.4406483233260547,Healthy
0.9296976523425731,0.18422483923802613,78.70014504514155,2.8082150525348393,Moisture Intrusion
0.808120379564417,0.8939897100078704,98.97808321879906,1.8620616891835793,Insulation Failure
0.6334037565104235,0.6542925523249619,604.9028856024952,1.1743561646844176,Degraded
0.8714605901877177,0.15210428322227287,347.5489857212027,2.2559968027014965,Degraded
0.8036720768991145,0.440323418368349,918.0953859119039,2.147254516437143,Degraded
0.18657005888603584,0.615298025069802,412.52463198587753,2.9728132977718333,Degraded
0.8925589984899778,0.08346408498938329,151.84864411561466,1.1626182185232081,Degraded
0.5393422419156507,0.8824163684073387,717.5716451670156,2.1801487566543383,Insulation Failure
0.8074401551640625,0.8036035354415352,300.41988722659977,0.6300593875736172,Insulation Failure
0.8960912999234932,0.5052067735766382,530.2156042823342,0.7841150967417985,Degraded
0.3180034749718639,0.9671266152591704,700.8544576501183,0.5097959373777332,Insulation Failure
0.11005192452767676,0.4177609792750997,901.2614700900497,2.998651702649183,Degraded
0.22793516254194168,0.9841103190364978,794.2692828536593,2.5056842428686945,Insulation Failure
0.4271077886262563,0.6679199988036271,679.5974571939969,2.4668075368338522,Degraded
0.8180147659224931,0.6346712732539415,682.8368505711921,1.7743151882204493,Degraded
0.8607305832563434,0.165954895295785,946.4653975917656,1.2501677072636,Degraded
0.006952130531190703,0.881927758304644,302.86585652157066,0.8781607111566898,Insulation Failure
0.5107473025775657,0.42748968792061515,11.100973254225533,1.2116868471161593,Degraded
0.417411003148779,0.16223340578247936,279.2350138042167,1.4399280548228477,Healthy
0.22210781047073025,0.01260751997575904,225.71246583047656,2.390775242450735,Healthy
0.1198653673336828,0.5597556836383826,665.2162392628582,1.849154472257881,Degraded
0.33761517140362796,0.5273996221226763,637.3744837678737,0.6937090663887067,Degraded
0.9429097039125192,0.7193536223691586,597.5267688776765,0.5450725223972805,Degraded
0.32320293202075523,0.8902580530178021,26.081008777359163,0.7558304488351579,Insulation Failure
0.5187906217433661,0.07940658464302952,731.4902739061409,1.5262467842434484,Degraded
0.7030189588951778,0.7314964903403623,330.2951083606366,2.8329822926225456,Degraded
0.363629602379294,0.18741194409758222,668.4054291165647,2.093506203023054,Healthy
0.9717820827209607,0.858177053157164,561.0126442171318,2.5045647496887877,Insulation Failure
0.9624472949421112,0.8190635138616561,349.3036161736281,1.6659364862613715,Insulation Failure
0.25178229582536416,0.5407937549855444,143.23050443306667,1.404165207987607,Degraded
0.49724850589238545,0.7102427986233115,103.47470868387614,0.7710009317915568,Degraded
0.30087830981676966,0.3143501131837484,833.2031497811013,2.6898325554655123,Healthy
0.2848404943774676,0.47116789893281463,919.2135666607425,2.457900072569757,Degraded
0.036886947354532795,0.8216368977104717,653.2901662966566,0.9202952439943128,Insulation Failure
0.6095643339798968,0.4592651971732139,112.39977371187854,1.7806514096906514,Degraded
0.5026790232288615,0.3577982653254418,408.00694471935833,1.7184370198031123,Degraded
0.05147875124998935,0.4942124472502999,731.6498081041057,2.0627288817163216,Degraded
0.27864646423661144,0.8282492524372184,782.0226751699674,2.865467234978153,Insulation Failure
0.9082658859666537,0.33520804737087273,127.03643606817771,1.949428604406199,Degraded
0.23956189066697242,0.1737615931357438,10.030411656928592,1.8505431669465464,Healthy
0.1448948720912231,0.7120140203307808,715.015675421799,0.6258073323366599,Degraded
0.489452760277563,0.8259782127080818,363.03021422634356,0.6572686900450598,Insulation Failure
0.9856504541106007,0.10063747852353333,261.9365183020776,0.9683669783169722,Physical Break
0.2420552715115004,0.23987411275594472,22.768495091630186,0.5811769292293707,Healthy
0.6721355474058786,0.1419719897609939,544.8964126938847,2.358382238925031,Degraded
0.7616196153287176,0.3479414115821666,852.639228071722,2.308325759984908,Degraded
0.23763754399239967,0.45035097890541265,958.055329809862,0.8401405860791074,Degraded
0.7282163486118596,0.7488263369633065,570.0875011071563,2.590197251988202,Degraded
0.3677831327192532,0.6511475848816741,519.3167144624952,0.8869650871152799,Degraded
0.6323058305935795,0.6209285674784312,94.2058216343487,1.252938967493397,Degraded
0.6335297107608947,0.3523749466096544,553.3840735271738,1.1224422479034124,Degraded
0.5357746840747585,0.8414475530847599,386.1792881757407,1.4307677464326194,Insulation Failure
0.0902897700544083,0.47128716739816456,611.0639280747412,1.1366594147249047,Degraded
0.835302495589238,0.9791049380151545,394.8390843977812,1.7223773160961302,Insulation Failure
0.32078006497173583,0.6341421382957368,247.89613221586308,1.5185197033867135,Degraded
0.18651851039985423,0.12626474156450274,104.01562247609273,2.9664237269483165,Healthy
0.040775141554763916,0.676177562075434,321.76926014300676,0.6398158753205642,Degraded
0.5908929431882418,0.325104015431699,105.67838594487476,0.855453440968379,Degraded
0.6775643618422824,0.6863271966860974,185.1279813157441,0.6320647347715063,Degraded
0.016587828927856152,0.06964114816240574,987.4627969937504,2.0646029874559395,Healthy
0.512093058299281,0.1748814371759594,449.66252133755245,0.6362731935342989,Degraded
0.22649577519793795,0.8557372589057863,536.5530488399664,2.5910993434403085,Insulation Failure
0.6451727904094499,0.2271795570235149,874.8823434498432,1.7798465767048195,Degraded
0.17436642900499144,0.83704112524294,995.6132114857809,1.8175190614538344,Insulation Failure
0.690937738102466,0.27927608845441043,586.8873048512347,1.9039862692804856,Degraded
0.3867353463005374,0.6428819100587077,814.3490828337299,0.9270342657655268,Degraded
0.9367299887367345,0.694150573509831,333.6716140933085,0.9942257577862188,Degraded
0.13752094414599325,0.5126547531450529,312.6865178728182,1.2970433071825118,Degraded
0.3410663510502585,0.3053106766967313,408.6766837846146,1.9837410395546287,Healthy
0.11347352124058907,0.21264437637109612,675.7821900469127,1.0252944398505364,Healthy
0.9246936182785628,0.03318935456242622,685.3697723625478,0.7908293178331531,Physical Break
0.877339353380981,0.3039464012407238,322.0870403029563,2.9252922160460804,Degraded
0.2579416277151556,0.653162790531283,141.8778248952624,0.5549545370240573,Degraded
0.659984046034179,0.9383048184484827,636.0722939008534,2.506743513340054,Insulation Failure
0.8172222002012158,0.871204482263052,137.0426035668769,2.470087873937555,Insulation Failure
0.5552008115994623,0.7660647765353026,582.7075831470368,1.24303528461274,Insulation Failure
0.5296505783560065,0.7884473432532987,696.4879067757458,0.8390665400182835,Insulation Failure
0.24185229090045168,0.6649849034759953,703.6053814305071,0.8640716167635585,Degraded
0.09310276780589921,0.260286857566003,755.9373895530008,2.243579043092981,Healthy
0.8972157579533268,0.9071950307058299,874.1308273500078,2.107016477715434,Insulation Failure
0.9004180571633305,0.670732311905834,504.95940204514056,2.4568641856284668,Degraded
0.6331014572732679,0.56044063098044,732.9466976342754,2.8437029309977615,Degraded
0.3390297910487007,0.11098946921348107,622.9810080121783,2.22981840816648,Healthy
0.3492095746126609,0.4470555438064254,194.77354039970575,0.8896288413786086,Degraded
0.7259556788702394,0.4603582712019263,35.43274842071409,1.1086065419135267,Degraded
0.8971102599525771,0.86456360952267,291.6959718201644,2.6054843271827863,Insulation Failure
0.8870864242651173,0.5466482201877885,448.6033692742432,1.0232651895855214,Degraded
0.7798755458576239,0.38040054897040965,620.9348849843698,0.6813057923862036,Degraded
0.6420316461542878,0.9768003285106593,851.4597371981733,2.2582001351056262,Insulation Failure
0.08413996499504883,0.11072059332631567,204.283259539104,1.5063158887253552,Healthy
0.16162871409461377,0.4225484283119446,134.29429199949232,2.800100131364759,Degraded
0.8985541885270792,0.04202467517140529,963.8451479995842,2.125637677734154,Degraded
0.6064290596595899,0.7399041207669304,116.96411378264304,0.7260474444791518,Degraded
0.009197051616629648,0.9180765521991506,483.70615940611725,2.869641418134152,Insulation Failure
0.1014715428660321,0.28003732955048943,589.7080915053689,1.1463931591006147,Healthy
0.6635017691080558,0.8583416767991209,545.9606766983638,1.3430312260157145,Insulation Failure
0.005061583846218687,0.29221823046189777,95.17183546261377,1.5056510342088552,Healthy
0.16080805141749865,0.9107701616439152,66.45664486358316,0.6280607410107831,Insulation Failure
0.5487337893665861,0.7539619035967839,114.42859318642532,1.741288555576512,Insulation Failure
0.6918951976926933,0.8049067768414386,589.7318070338864,0.8082962276882306,Insulation Failure
0.6519612595026005,0.0180065556004545,548.9014387579779,1.5024258167208795,Degraded
0.22426930946055978,0.962810357074026,241.4033841163768,1.3767744699802107,Insulation Failure
0.7121792213475359,0.7266709920703233,641.3964004271356,2.4321002085662586,Degraded
0.23724908749680007,0.3047510953861333,821.8668270350929,2.5079262790818277,Healthy
0.3253996981592677,0.8293946648588469,51.16317024812783,0.88353220597272,Insulation Failure
0.7464914051180241,0.28152119841492995,503.148644112562,1.4163779684480655,Degraded
0.6496328990472147,0.872753839566128,692.4173079816634,1.4333829025795792,Insulation Failure
0.8492234104941779,0.11258039041193701,259.7888077989902,0.8785261098402126,Degraded
0.6576128923003434,0.7036859774607958,314.6931962402176,2.4961337626279763,Degraded
0.5683086033354716,0.5406984766449103,617.50152395949,2.2680708208385583,Degraded
0.09367476782809248,0.09653447019544081,898.9559405092996,0.9759544657425868,Healthy
0.3677158030594335,0.24189382825883898,811.8251760998703,1.4168047714844976,Healthy
0.26520236768172545,0.01240403627731479,587.2989169085877,0.7645125621412856,Healthy
0.24398964337908358,0.46876796546450583,732.9195005796768,2.07051649273261,Degraded
0.9730105547524456,0.3012652607600004,371.1742455057207,0.8034298113715492,Degraded
0.3930977246667604,0.5983574842977588,644.5558728177701,2.9648354215622943,Degraded
0.8920465551771133,0.2972378077086172,471.5197752162814,2.4517051867196558,Degraded
0.6311386259972629,0.2999191115069847,198.0367750929853,1.4755963739599878,Degraded
0.7948113035416484,0.7431931987316034,704.7208911384846,1.9464098306983861,Degraded
0.5026370931051921,0.04814283597835345,560.8999909753338,2.778354540541022,Degraded
0.5769038846263591,0.9028949951919872,365.0353661340555,1.8852482009895652,Insulation Failure
0.4925176938188639,0.8522638743911815,912.2257981778445,0.9362462159948879,Insulation Failure
0.1952429877980445,0.6678046832264065,30.724776648465934,1.4467583889528983,Degraded
0.7224521152615053,0.5932215701073843,322.61541973700105,2.6078621625743637,Degraded
0.2807723624408558,0.8923024981396522,66.31258379987008,2.1105325399740447,Insulation Failure
0.02431596643145384,0.18533017952871444,768.8620430594109,2.1268109608345007,Healthy
0.6454722959071678,0.07896916219082861,705.0863795726547,2.6670537142212227,Degraded
0.17711067940704894,0.2395101699095381,338.03869654895385,2.7349326436562618,Healthy
0.9404585843529143,0.7945782787001903,678.9062731850023,2.7994814294485906,Insulation Failure
0.9539285770025874,0.03467026672648332,401.97785393399033,0.7371229831328903,Physical Break
0.9148643902204485,0.5828068350834896,758.69125350821,1.8603150049077524,Degraded
0.3701587002554444,0.9954375161913099,459.64182610933904,2.3512738030457965,Insulation Failure
0.015456616528867428,0.8556960938375394,418.1569305533489,2.3923171128175342,Insulation Failure
0.9283185625877254,0.5214456890435895,935.382616333418,2.0167905049250097,Degraded
0.42818414831731433,0.06364090928664234,258.37030889179323,0.9169683379591854,Healthy
0.9666548190436696,0.8313735143857098,129.24286659659975,2.493551384854161,Insulation Failure
0.9636199770892528,0.5989785081772105,588.6976821268636,2.3002783337873645,Degraded
0.8530094554673601,0.11493299705956683,969.6285941613371,0.7153394288725907,Degraded
0.2944488920695857,0.0938572848233562,384.0608215899148,1.6595245616859406,Healthy
0.38509772860192526,0.9096268194365924,71.4163959924937,0.9349434988045089,Insulation Failure
0.8511366715168569,0.6692002629380784,345.9122146364718,1.3436926142824297,Degraded
0.31692200515627766,0.8292867993167555,510.8723377763629,0.5452027305142135,Insulation Failure
0.1694927466860925,0.8789789002822673,170.30377656589158,1.5008246710268955,Insulation Failure
0.5568012624583502,0.5717723520483222,661.5211958759271,1.874692302890526,Degraded
0.936154774160781,0.5174463517550413,997.7718951200986,2.048956482067717,Degraded
0.696029796674973,0.4304274103209902,457.22208122162937,2.1587258628217754,Degraded
0.570061170089365,0.3169465877911193,361.1812711629105,2.59072828275615,Degraded
0.09717649377076854,0.43459596085871177,406.69712516612196,1.0386572681893251,Degraded
0.6150072266991697,0.7738796557301564,123.99471661124913,0.8012045560961698,Insulation Failure
0.9900538501042633,0.6019234310151316,884.4408654119616,2.628842929744814,Degraded
0.14008401523652403,0.8925232899548461,420.67739896613847,0.8915320372316247,Insulation Failure
0.5183296523637367,0.4433800143791877,393.4016673105929,2.936900203340488,Degraded
0.8773730719279554,0.607089578718754,663.0933702011696,2.6063455734965926,Degraded
0.7407686177542044,0.6313075530919887,447.6130867218123,1.752191514723998,Degraded
0.697015740995268,0.5916971623063255,651.7511341197676,2.9535535623050633,Degraded
0.7024840839871093,0.7026337730855163,70.83182722947963,0.7434418227700106,Degraded
0.35949115121975517,0.23743346837480628,815.5861102850051,1.2576644029377542,Healthy
0.29359184426449336,0.5123637775457907,941.0989133506085,2.0955610376015286,Degraded
0.8093611554785136,0.10422480280834767,652.2777322977921,1.3750171711829469,Degraded
0.8101133946791808,0.38451132764481255,955.0202695702227,2.8209313799519795,Degraded
0.8670723185801037,0.4876670686212644,159.91799122626367,0.6640652204445439,Degraded
0.9132405525564713,0.6522242595454725,482.6420275855502,1.8735295801524114,Degraded
0.5113423988609378,0.9505310525862035,605.7886666059928,1.9771656684877863,Insulation Failure
0.5015162946871996,0.6006510665483559,585.9192809469748,2.1318203094430603,Degraded
0.7982951789667752,0.7435939161765598,407.4471612981528,1.1391655583295361,Degraded
0.6499639307777652,0.5062660594952028,344.7035652725988,1.411416068799661,Degraded
0.7019668772577033,0.6341040313763313,135.55578232491462,2.609201324162444,Degraded
0.795792669436101,0.07093221613377343,397.8250260566554,0.9873569224253995,Degraded
0.8900053418175663,0.254391580841847,171.0342069544303,2.567169617933405,Degraded
0.3379951568515358,0.3618530932051387,737.0220197272962,1.906638557256856,Healthy
0.375582952639944,0.47249335500651357,216.74262613964407,2.405468777985205,Degraded
0.093981939840869,0.045648745502383736,67.9796522316885,2.2840184156586787,Healthy
0.578280140996174,0.14002409755331768,556.842476439062,1.0187787384621976,Degraded
0.035942273796742086,0.2768143077913058,599.2774353922076,1.9220318410846822,Healthy
0.46559801813246016,0.9715326909010507,873.1939306677004,2.669307882012731,Insulation Failure
0.5426446347075766,0.33134700710305076,581.211796293505,1.5802905920048234,Degraded
0.2865412521282844,0.48204105811208253,352.02604518621126,2.9164769255582916,Degraded
0.5908332605690108,0.19609771273839294,804.9817627110573,1.630537750254295,Degraded
0.03050024993904943,0.6107800710757683,544.8761042555468,0.8569640916697117,Degraded
0.03734818874921442,0.2806832155159743,88.48748178487983,1.4735867001941831,Healthy
0.8226005606596583,0.20699257843842678,570.1920547101142,2.8792560159763427,Degraded
0.3601906414112629,0.5165726284459791,908.9383599674458,1.2993021233496356,Degraded
0.12706051265188478,0.005505799160420821,402.34949924323837,2.670245399667657,Healthy
0.5222432600548044,0.0076640326492253275,303.3625438808021,2.7031267042047245,Degraded
0.7699935530986108,0.21906880910185778,152.03476244783985,1.3754663108299026,Degraded
0.21582102749684318,0.03672136250082114,159.93106671600376,0.7081441451265803,Healthy
0.6228904758190003,0.10802575413069138,438.4437694984007,2.311394772897046,Degraded
0.085347464993768,0.3388606493387516,599.7230259199142,1.278780747534965,Healthy
0.0516817211686077,0.8025856795798129,89.80925111790573,2.457309035643931,Insulation Failure
0.531354631568148,0.5720486433693008,940.172903134914,1.6066371206510828,Degraded
0.5406351216101065,0.5126677259564164,757.5822812707439,1.7131668558565538,Degraded
0.6374299014982066,0.29348882320812164,590.7576791008261,2.444773516871342,Degraded
0.7260913337226615,0.9317537194328164,830.1542842296009,1.4559083276540696,Insulation Failure
0.9758520794625346,0.39701504123719167,89.38488924399216,1.6078183633072864,Moisture Intrusion
0.5163003483011953,0.08709276679577149,482.07048895579317,1.4404761719240553,Degraded
0.32295647294124596,0.6170665161178013,633.7921955930468,1.4183512881931999,Degraded
0.7951861947687037,0.11383839347660141,830.3663770571063,1.8148664422536485,Degraded
0.2708322512620742,0.3452231428016921,785.634864448775,2.5219986112528767,Healthy
0.4389714207056361,0.5074119387178089,284.29855721626564,1.4044207798064146,Degraded
0.07845638134226596,0.8742225246851758,941.4713678636123,1.8106368013443417,Insulation Failure
0.02535074341545751,0.49354658034011867,133.10238301656165,2.176818313606502,Degraded
0.9626484146779251,0.7022587660316643,876.3822824349406,1.1735986157591376,Degraded
0.8359801205122058,0.9928168389990704,971.2308471085723,1.1938070122559814,Insulation Failure
0.695974206093698,0.13148911989798162,185.3819879903993,2.833532817558637,Degraded
0.4089529444142699,0.2747315255195195,724.8454035617474,2.3088364333277216,Healthy
0.17329432007084578,0.3945760755976464,49.88266359021848,1.942966690558272,Healthy
0.15643704267108605,0.42182817853883137,411.3685968877634,2.11930013605153,Degraded
0.25024289816459533,0.41102107526554577,521.1204662056973,0.5732486077585459,Degraded
0.5492266647061205,0.9076110025565549,584.8387736505377,2.045257413904242,Insulation Failure
0.7145959227000623,0.7140326444668564,936.5778757660739,1.7737721830605047,Degraded
0.6601973767177313,0.6079052140907037,675.5281804212527,1.8643741994485892,Degraded
0.27993389694594284,0.3093727178627821,486.46517170704465,1.3985595670770428,Healthy
0.9548652806631941,0.8237903842212947,811.5782859032304,0.7036847442823547,Insulation Failure
0.7378969166957685,0.9550605114849889,951.0274927448648,0.9833480840301305,Insulation Failure
0.5543540525114007,0.8211982825502265,31.845487195467935,2.8768617830316794,Insulation Failure
0.6117207462343522,0.0015651051914729042,982.6960595334783,1.521748905677335,Degraded
0.4196000624277899,0.636401370183407,95.27081767304354,1.6667078895771605,Degraded
0.24773098950115746,0.051135381442100725,816.2429114760737,0.6317744746335975,Healthy
0.3559726786512616,0.25760722033372185,287.5314050258984,0.5939155738599515,Healthy
0.7578461104643691,0.059524700347771686,140.85786117633302,2.2929536176168943,Degraded
0.014393488629755868,0.6037954529493877,445.4570833166965,1.845236660302778,Degraded
0.11607264050691624,0.6865899134926068,647.5170136531374,1.7717649605406667,Degraded
0.04600264202175275,0.11448763806590512,387.14232657324027,1.1078113260566718,Healthy
0.040728802318970136,0.3838388830449795,64.01975419987197,2.361876829074806,Healthy
0.8554605840110072,0.456236508955542,603.4665282621295,0.9205914477712297,Degraded
0.7036578593800237,0.3690530217609166,903.379243349568,0.97483685915255,Degraded
0.4741738290873252,0.12102500048519305,389.3832122877792,1.6517804283706887,Healthy
0.09783416065100148,0.4189477901874754,224.16944985451877,1.2156996552798522,Degraded
0.49161587511683236,0.7511780478084181,448.15157247348725,1.118657453082866,Insulation Failure
0.4734717707805657,0.07100766453325547,57.879083938293064,2.113094111383329,Healthy
0.17320186991001518,0.08018001408190345,822.2827086354721,2.127429363046361,Healthy
0.43385164923797304,0.3547712918359842,828.0774028406848,2.561292674499823,Healthy
0.39850473439737344,0.941725711618925,592.1204587953322,1.5442714174324397,Insulation Failure
0.6158500980522165,0.668572646722914,359.5718600490056,0.6827127275653756,Degraded
0.6350936508676438,0.6786699566725648,801.7855308013255,1.1841659623036442,Degraded
0.04530400977204452,0.36191999083786497,559.1401545404835,2.9500136579920424,Healthy
0.3746126146264712,0.5936607912085384,827.672985464516,1.9906464380817552,Degraded
0.6258599157142364,0.010131184027743378,635.1442046571905,2.2743427120025506,Degraded
0.5031362585800877,0.6360960464095422,786.5614184806693,0.5183945740635363,Degraded
0.8564898411883223,0.9132869475762367,602.5773632855824,1.7955143304563022,Insulation Failure
0.658693631618945,0.6125734683448192,419.99965753350955,0.5938216438295079,Degraded
0.1629344270814297,0.873698593466345,958.3664013268761,1.92307553022862,Insulation Failure
0.07056874740042984,0.7239730554660938,545.7026866300563,2.8019271240901884,Degraded
0.6424192782063156,0.12055841640369025,609.038623355133,2.9210478262510198,Degraded
0.026511310541621813,0.9024533072858417,228.28276302060175,1.8513816884723104,Insulation Failure
0.5857755812734633,0.06644384435577488,629.3942815330037,1.6455120131305399,Degraded
0.9402302414249576,0.5339674725477638,575.8915729881144,2.862542735621235,Degraded
0.575474177875879,0.14213712379345766,192.9900139675547,2.1840245799917377,Degraded
0.3881699262065219,0.011706610730904066,68.99122637961227,0.6622481988460236,Healthy
0.6432882184423532,0.422034260127639,608.3157265176234,1.664313944168744,Degraded
0.45825289049151663,0.29504070765415624,766.0553466568173,1.1006125461607597,Healthy
0.5456167893159349,0.486000493797603,528.1673572127881,1.674510803621704,Degraded
0.9414648087765252,0.5771998867345508,234.50489906644924,1.6386639300159043,Degraded
0.38610263780077425,0.04373907230894736,669.8567569261046,1.9553620070368551,Healthy
0.9611905638239142,0.12300329512374564,89.30466934350622,1.391926225873128,Moisture Intrusion
0.9053506419560637,0.5586423964504253,447.4153677539351,0.9106761236398202,Degraded
0.19579113478929644,0.34316735317265823,171.733090814436,1.7592985864748907,Healthy
0.06936130087516545,0.729173487549448,192.61446054928453,2.575507210864405,Degraded
0.10077800137742665,0.6522916485919397,210.2710096666216,2.1600305701690057,Degraded
0.018221825651549728,0.8456043629899068,392.83998647353815,1.3459196648130396,Insulation Failure
0.0944429607559284,0.6924928266692253,60.63870356419365,2.838807556897143,Degraded
0.6830067734163568,0.42993107739014813,403.81550651980723,2.780518928122955,Degraded
0.07118864846022899,0.6729666223944324,516.5903726435538,1.0233709984602468,Degraded
0.3189756302937613,0.2753811742554185,488.46134211666197,0.5985439628009075,Healthy
0.8448753109694546,0.3063134987782127,388.95625939901015,2.3532717708769058,Degraded
0.023271935735825866,0.7889851599207933,840.755141990045,2.5690256533728832,Insulation Failure
0.8144684825889358,0.4464195164015822,153.87342549629906,2.919661414878388,Degraded
0.28185477477339993,0.7983803405183525,510.63977634356024,2.724590985220777,Insulation Failure
0.11816482762165625,0.8224223736682784,71.42100278698875,2.001336920516037,Insulation Failure
0.6967371653641506,0.8575623376612838,80.44412208913064,1.825130848030952,Insulation Failure
0.628942846779884,0.9166352358412073,578.1271911803253,0.5696026281564657,Insulation Failure
0.877472013527053,0.43098522051329624,570.3582406389428,1.1166411171119446,Degraded
0.7350710438038858,0.31886681832113883,879.2531777160124,1.649036879332316,Degraded
0.8034809303848486,0.5821987465941139,562.2949389034725,2.0712597502089194,Degraded
0.2820345725713065,0.3711724234376276,960.1931102008017,1.8931295832960267,Healthy
0.17743954377972282,0.601074166800233,58.20789991593047,2.3565899742042262,Degraded
0.7506147516408583,0.7055858626438246,107.02760793293366,1.199417327217602,Degraded
0.806834739267264,0.6884050184921369,53.625202954677576,1.912381519131183,Moisture Intrusion
0.9905051420006733,0.37455288702012135,193.4240818302046,0.7203556084769803,Degraded
0.4126176769114265,0.16686020169875282,545.8574098322613,1.5341638089580174,Healthy
0.37201808579278317,0.43052933846220753,649.1164596131538,2.3754020823865023,Degraded
0.7764129607419968,0.14259414408190874,55.12930636918211,2.23350213357261,Degraded
0.34080354025301784,0.8900970351838083,946.5111809471433,2.9766068429304475,Insulation Failure
0.9307573256035647,0.3458774607378574,843.7437228838772,1.19472781496939,Degraded
0.8584127518430118,0.15445974722332378,303.64635733552217,1.7454732479349477,Degraded
0.42899402737501835,0.025447759905750877,86.41565492420328,1.3238260344349917,Healthy
0.7508710677914974,0.6458223862864843,178.1882024868667,1.601507785147937,Degraded
0.7545428740846823,0.6369023174547432,135.67496961742296,2.6423753246734702,Degraded
0.10312386883593261,0.34060416658129167,132.05094150595738,2.2105226879712165,Healthy
0.9025529066795667,0.071711888847651,523.3760717790766,2.7061029783689543,Physical Break
0.5052523724478571,0.409628894895232,253.38896806846628,1.008777770829716,Degraded
0.8264574661077416,0.3112174950633936,364.558319363853,2.683402794603595,Degraded
0.32004960103061175,0.6771206397350094,989.6102800504792,0.6494056854459611,Degraded
0.8955232284962005,0.6057792494526903,687.4711064360913,2.721498201092881,Degraded
0.3892016787341631,0.36459372819754,949.4908603765314,1.3226844486518199,Healthy
0.01083765148029836,0.2178925542549901,151.13098948278443,1.2864690835351662,Healthy
0.9053819764192637,0.9880359661555919,388.3180800842436,1.7802214417466597,Insulation Failure
0.09128667678613356,0.45400162119611487,559.1844852495308,2.8517254693080796,Degraded
0.31931363759041487,0.688274235780237,85.99048126985063,0.6194534117035134,Degraded
0.9500619670508049,0.14055296757836078,14.145569191678288,1.3805774376768634,Moisture Intrusion
0.9506071469375561,0.4855896996593978,673.7299904589484,2.641429971708339,Degraded
0.5734378881232861,0.027536719869465487,645.4013216334209,1.4901361935886668,Degraded
0.6318372121697993,0.50545511791045,416.68092189961567,0.9978922439926675,Degraded
0.44844552197831977,0.9640174071177023,494.7476352717123,1.5619854533285293,Insulation Failure
0.29321077169806453,0.3842067129858002,421.2885705861687,1.4638812537291732,Healthy
0.32866454536991596,0.03899601257491159,33.76499439643997,2.7885405036667588,Healthy
0.6725184560770384,0.03095579091934353,342.0178901552878,2.404835939357743,Degraded
0.75237452943768,0.3879867599468695,185.31143284331694,1.7627888893600159,Degraded
0.7915790437258485,0.16002493646319405,107.43994721035506,2.9709264168039278,Degraded
0.7896181427945539,0.023352096328185912,957.1532295504563,1.6631938281898082,Degraded
0.09120610304869037,0.7562136139501768,603.3661277917439,0.6455945770506881,Insulation Failure
0.49442030470258147,0.4585230088818907,731.3697213942366,1.1556858045374623,Degraded
0.057558760016644284,0.2892447719726545,322.21010583345634,1.5901762005482816,Healthy
0.5495288823237355,0.9000831830164807,399.21565819907505,0.8922565603653003,Insulation Failure
0.441530501373377,0.11613896020052561,244.55475395775625,2.8689128158101074,Healthy
0.8877041827582998,0.9559188289553192,105.99601425577049,2.4171222445444327,Insulation Failure
0.3509150125520787,0.3139667173773528,187.24132106716795,1.1707180010694316,Healthy
0.11706701642760586,0.8884036723086812,799.538904843521,1.9770113337947897,Insulation Failure
0.14299168205283586,0.6029428764794615,680.770347131938,2.30362289277393,Degraded
0.7615106317174722,0.8267073597414875,551.4595872256222,2.853197322266995,Insulation Failure
0.6182180633162611,0.9840131632104643,480.3389741381004,2.7040883729385268,Insulation Failure
0.10112267612279024,0.2884054378187457,923.2099408195633,1.7879805653455343,Healthy
0.08410680611499743,0.961135485407593,82.00759830088172,2.436631549482544,Insulation Failure
0.70096913145912,0.38948189490242036,287.7948051055368,1.9053618845689626,Degraded
0.07276300636419353,0.3855119047369223,356.4384750350069,1.8817597251138503,Healthy
0.8218600592903562,0.3403871042545057,784.60155409066,0.7868548958454797,Degraded
0.7062422271564962,0.5414076073475852,992.5894739603516,0.8153441450403802,Degraded
0.08134878064189976,0.1541450431784871,248.26380960958153,1.8238340375561437,Healthy
0.08483771408519192,0.5537114853580112,875.5642607957099,1.1721538624475165,Degraded
0.9866395785011755,0.541704812410004,832.3165328274733,0.5525922561511716,Degraded
0.3742707957561203,0.76190181260487,232.41082366534894,2.307098009750531,Insulation Failure
0.3706421470668909,0.8336499619375856,405.3392543972304,0.5812164917254123,Insulation Failure
0.8127995672575026,0.44044135031242404,415.57614059959394,1.9881921027601364,Degraded
0.9472485773838587,0.30233324935149375,978.4384618412927,1.8479844853182859,Degraded
0.9860010638228709,0.25933489731709447,189.08298236510933,2.922036726444511,Degraded
0.7533781852589416,0.19462383670487193,801.1663913937342,1.710532848369104,Degraded
0.37625958553091576,0.05764758219902488,340.85078703137884,0.6590035909444933,Healthy
0.08350071669866876,0.34244797883471334,733.5616423183988,1.8792199195161543,Healthy
0.7771469159274368,0.27024769213078326,425.81089425270625,2.6027404265402536,Degraded
0.558404249735805,0.9664173858664074,582.5761654853746,2.9921232107035998,Insulation Failure
0.4242220092469763,0.5577088262500439,834.2856555928698,1.5758579342226813,Degraded
0.906354385094736,0.34727703903050755,806.1239093340453,1.3007468562418563,Degraded
0.11119748230615134,0.580467600993696,867.7589517043032,2.7666332423799975,Degraded
0.49262510429085915,0.1391967013456955,69.02115209121243,0.9781053226903034,Healthy
0.011353644767419069,0.4440437492022029,695.1300475093474,2.0385722875823165,Degraded
0.46866064199412627,0.6262343214210638,148.58750295454524,1.5142860604523694,Degraded
0.05630327568183735,0.4888978317924514,421.6603823382269,0.6027059123888883,Degraded
0.11881791626807192,0.40177880065432425,553.1025309041415,1.3682211857642443,Degraded
0.11752624677710488,0.9938483888996982,408.7120898993624,1.1630713062566864,Insulation Failure
0.6492103021160636,0.880314762148927,524.4155590449774,2.215227884858717,Insulation Failure
0.7460448792654233,0.6234059581594401,996.5610457106329,2.8719762442297956,Degraded
0.5833687650971596,0.5693773611822828,143.86514057572617,1.1701179684465943,Degraded
0.9621725484745419,0.620660479824584,678.7014848830613,2.528664847879204,Degraded
0.37487057952370406,0.20131210782243325,402.0409567217591,0.6383995423460238,Healthy
0.28571208628186073,0.3951377432643186,141.6797009182555,1.845302525099533,Healthy
0.8685991281894603,0.03945953289089932,167.14939574056643,0.6763751592747365,Degraded
0.22359583851945264,0.47554603748682667,949.7803751831607,2.835082477826598,Degraded
0.9632225394406113,0.5430245839576632,880.8054817446445,2.4158782013934754,Degraded
0.012154474689816341,0.2277497361032096,907.9715408108716,2.1448747780114807,Healthy
0.969878826707639,0.9640288471655137,991.6174480691127,2.5597409540616605,Insulation Failure
0.04315991195057611,0.909454610937242,216.23223610843277,2.118799488925408,Insulation Failure
0.8911431136980711,0.7221432354559059,361.8849439904211,2.9223609929357277,Degraded
0.5277011090862999,0.5333866287653626,672.526839625618,2.2848948696619287,Degraded
0.9929647961193003,0.869969159647685,488.96451446204077,2.8116465239556168,Insulation Failure
0.07379656473539886,0.1306523438234629,424.2056380445502,1.792829730026595,Healthy
0.5538542844013208,0.790509794274885,364.2331368422371,0.7926610324546566,Insulation Failure
0.969302535619099,0.1248208139668483,597.8428256240177,1.8204443035575428,Physical Break
0.5230978441701488,0.7942106625494054,579.8374943536812,0.8171820701577333,Insulation Failure
0.6293986381352625,0.27576756825135695,169.84325572359768,1.9812336979410126,Degraded
0.6957486889846172,0.8770905810181889,477.0224391432547,1.7062326513191572,Insulation Failure
0.45454106476777323,0.9440420938253978,557.9370584477514,2.056438494581954,Insulation Failure
0.6275580800840634,0.14879596940511564,574.5840693440765,0.525117452637079,Degraded
0.5843143119231002,0.4626756050653935,218.00612098322827,0.9871012291384103,Degraded
0.901158010490989,0.9809873781626851,744.8486783297639,1.7283260797803273,Insulation Failure
0.04544638034145787,0.4834074359731466,34.94710387285894,2.876258903972837,Degraded
0.2809631895922303,0.8635475225145451,361.28353698773105,1.459022600887896,Insulation Failure
0.9504114840765587,0.5887315221313199,782.4105220502772,1.5609300651340867,Degraded
0.8902637838909163,0.37532990791960186,568.2539918448483,2.2867402225165554,Degraded
0.45565675278571294,0.2857835555258702,268.55080818575163,2.009481893215295,Healthy
0.6201325978015367,0.20322309108608727,698.0035881496173,1.247315375245833,Degraded
0.2773811829811327,0.7617981913776972,571.7170347145127,1.5270409889185694,Insulation Failure
0.1881211597237613,0.3865405068230279,798.2811733618233,1.0442494971430811,Healthy
0.46369840493998216,0.5112754622007512,737.6749343279251,2.9150536478255216,Degraded
0.3533522280260528,0.4923254800011819,614.0068428158723,0.8265859538933993,Degraded
0.5836561118508721,0.5772790292331312,493.29589855770587,1.4295919614160486,Degraded
0.07773463696498484,0.8655771456245522,141.85030441084817,0.564597430550028,Insulation Failure
0.9743948076661665,0.9807393435834294,268.71968770652995,1.054448729833866,Insulation Failure
0.9862107444796029,0.40758420857381694,424.9084781879144,2.4511778459503875,Degraded
0.6981617140197451,0.8275189221063031,603.3062941363248,1.0029380807221986,Insulation Failure
0.5360963663441204,0.7645277946547177,518.5707766631517,0.700158506322414,Insulation Failure
0.30952761628632774,0.5735289514555733,295.30268069993417,1.6861329496113082,Degraded
0.8137950197069487,0.9560471436119331,16.399714211813446,0.5249230868362962,Insulation Failure
0.6847311725538793,0.20047451552840279,501.2768296818058,0.7119153860658329,Degraded
0.1626169393448913,0.10926421030962141,292.7697286766207,2.5190646739074376,Healthy
0.9109271844938425,0.8539619669554221,737.2622177034298,2.428683362149016,Insulation Failure
0.822537242923169,0.4391498166337483,33.706802617778656,2.78784705101224,Moisture Intrusion
0.949799913291924,0.8469688542070605,588.979533192733,2.636288589776874,Insulation Failure
0.72571950838836,0.8930902051954149,942.0594951310047,2.2079389080995453,Insulation Failure
0.6134151959357899,0.06245759361907144,182.6651744403845,0.630832143251657,Degraded
0.4182430362906189,0.8834647629860607,476.93299584308943,2.4571215449666437,Insulation Failure
0.9327284833540133,0.4483190553694222,100.5077718989668,2.613777027101401,Degraded
0.8660638895004084,0.5104324890042322,629.425093138739,2.497705364429886,Degraded
0.04521867010618941,0.6265925110932102,555.0263637902633,1.7711975882700652,Degraded
0.026366974497252005,0.9263826067300868,413.291868970704,1.082254596623704,Insulation Failure
0.3764633668780496,0.01911609442976403,526.1632512590038,2.6133249392218167,Healthy
0.8105533307818329,0.4768434683178171,897.60891188432,2.317907024350346,Degraded
0.9872761293149445,0.6877220424305607,204.33135928795636,2.9519029359721287,Degraded
0.15041689110352818,0.7227069576982285,32.33886658829376,0.8892314943898323,Degraded
0.5941307153521351,0.692532431537108,863.04823585211,1.0641614576301377,Degraded
0.3808908566310215,0.13443512940812186,581.3459115640275,1.0294953747037567,Healthy
0.9699143978146032,0.29939558837168123,891.751870907224,2.481349419053342,Degraded
0.8421189231357087,0.35871552541701346,600.9757711790409,0.9672682411252954,Degraded
0.8383287047111379,0.804437207679505,812.0594790601054,0.6666495745582652,Insulation Failure
0.4686931597949703,0.278759872414553,435.3766297215965,2.9964020164640717,Healthy
0.4148195023376652,0.21070496386720317,752.3613319753861,0.5620430286128728,Healthy
0.27340707193070624,0.9574480190380962,913.9110522209575,2.588110150397164,Insulation Failure
0.056375496650927115,0.0088632851134689,576.4017340849842,1.413417103876632,Healthy
0.8647223762550532,0.9978208556819782,188.97729905675575,2.604038649394538,Insulation Failure
0.8129010091300776,0.6768212988573956,276.1096388798962,1.8865512280278625,Degraded
0.9997176732861306,0.8284692994491171,206.65813112843173,2.7540780737159003,Insulation Failure
0.9966368370739054,0.29461939634619316,254.3884573197756,2.8154824660365665,Degraded
0.5554317056026274,0.014315277667059978,313.351294857526,0.52274545320194,Degraded
0.7689874151805105,0.73786951856153,559.5824488856566,0.6885304399819707,Degraded
0.944765729882428,0.8341445970006758,592.1117131691944,1.1258968239271387,Insulation Failure
0.8496473906774115,0.7404761319535191,432.2347497694425,2.173288540908754,Degraded
0.24734810174319766,0.1428502873008386,619.2665720226271,2.720680491278765,Healthy
0.4505441353100935,0.7534279222569691,90.75917635525227,1.649854878234907,Insulation Failure
0.12915941515149498,0.768922782107641,96.91035468757836,2.0174327906856635,Insulation Failure
0.9540510272587224,0.6585405156700549,180.11116575408187,0.9712496319889028,Degraded
0.60617463445088,0.7661159327955862,522.8967230599413,2.5124170847042135,Insulation Failure
0.22864280550346272,0.8459214396777321,221.85473191133042,2.9183202783836744,Insulation Failure
0.6717006844058567,0.6136041142374584,290.45155945765157,1.1714973322864937,Degraded
0.6181282404578958,0.08860471396967906,406.3097078112641,1.7370648790013659,Degraded
0.3581627180328405,0.48762780966721087,813.747462770276,0.7152902762659346,Degraded
0.11355759219962902,0.07764933467160506,23.72351455373152,1.897841641157421,Healthy
0.6715731955927996,0.40754303103243084,652.8850320342561,1.7569586046167014,Degraded
0.5203077009037933,0.40710648912562764,672.1877657302784,0.861091210387694,Degraded
0.7723183917356393,0.06600984414024158,800.6692225530702,1.6051655327951875,Degraded
0.5201635011119934,0.3488205339694793,933.4254096697101,1.3352616302164082,Degraded
0.8521815003185401,0.11099809879131484,29.93647045979693,1.8045771882629733,Moisture Intrusion
0.5519068387744855,0.8082352100092222,162.24586845808403,1.964135838571998,Insulation Failure
0.5609379715353863,0.9476880259644708,887.3095811154332,0.5212389465180238,Insulation Failure
0.876653602658345,0.0723164752579386,463.93337656514524,2.4025149573738886,Degraded
0.40348286621239704,0.9551152072917014,568.9447325441289,2.2825357296543523,Insulation Failure
0.13401522845064073,0.5225765993367452,666.3969316859159,1.4157159655163056,Degraded
0.028782676313338973,0.2995656779538739,682.275938450681,0.6323398389220456,Healthy
0.755137255673619,0.07686207527616351,932.4229992833431,2.387331349462626,Degraded
0.6203095513534647,0.5006242680704178,996.979923237553,2.8879379011953312,Degraded
0.7040797680992236,0.7945155444907487,722.9558863216308,1.1003789900550354,Insulation Failure
0.21296416150891073,0.7070864772666982,294.3489971130993,1.3088115343425948,Degraded
0.13637147558676976,0.05022601146397376,880.9548782714002,0.9595322237045374,Healthy
0.014544665667881929,0.07290183536790351,58.72870539535399,1.9423403083620991,Healthy
0.350587558806597,0.4028732826326371,238.77004434575124,0.8871034866186374,Degraded
0.5899176868546331,0.2952904940479433,898.4118602890777,1.3904848586534486,Degraded
0.3922440450997323,0.23238432305604784,263.6295992949614,2.2425325348356573,Healthy
0.43747492202372906,0.2810044989087136,228.444549025531,1.900289957523371,Healthy
0.9041586944937484,0.8034827432968846,146.74404020884478,1.4661564108198382,Insulation Failure
0.34825546702330035,0.9292280536318539,860.5206400704474,1.5506240045188546,Insulation Failure
0.5139894891598108,0.4051026945275664,505.05767659917586,1.9052772065580736,Degraded
0.7836530127411431,0.9061110021324971,678.1442710236132,0.5146618197179033,Insulation Failure
0.39654278232127016,0.32149570124788196,246.67572023427937,0.6962746711340246,Healthy
0.6220867002278735,0.4764369863437916,760.4600168011043,2.703145169407529,Degraded
0.8623637087467452,0.22602899781599972,762.4054895124775,0.6946974727282269,Degraded
0.9495206236576421,0.640476042175844,319.47204465921715,2.267008990526263,Degraded
0.14707348092903794,0.9789811151748089,416.57580668018,2.8000954102726316,Insulation Failure
0.9265876251614944,0.6034930960433786,217.59337465589886,1.1767090107543279,Degraded
0.4921162930795382,0.35781408411354887,976.7954130896752,1.4262285926487857,Healthy
0.25824438829895835,0.6478174459905284,649.1465512878275,1.9223035146117908,Degraded
0.4591357562382613,0.12292067846538757,935.1984419083603,2.7042724240964615,Healthy
0.980032575285477,0.8886590802653986,310.35168819284183,2.8547639681510506,Insulation Failure
0.4926180939928696,0.5030839507798364,784.0720038669208,2.3489081202781703,Degraded
0.3287516102875082,0.44934974203964206,768.2000574458946,0.7165494021367351,Degraded
0.6334008543167258,0.5858647884535192,694.7390953478762,2.172885388837127,Degraded
0.24014561877819307,0.6247838627894025,965.9825855141324,1.525759304681655,Degraded
0.07586332810866392,0.07177580622651303,399.6197827452524,1.6767524987276539,Healthy
0.12887972191064923,0.6826172212234024,139.41015035385973,0.6228709758629426,Degraded
0.12804583895777244,0.24193168031552958,674.9917706516202,0.9776553483658954,Healthy
0.15190269351229435,0.7139526325065898,732.0167024724341,2.4762840188341193,Degraded
0.13882717264941014,0.8225347943841967,579.3099677242266,1.6348970826196494,Insulation Failure
0.6408747448032146,0.8039585075525203,214.7497142020623,1.254155604077872,Insulation Failure
0.18188008439914483,0.5525009674078891,509.41138225266184,1.4600476849123953,Degraded
0.3456672833238632,0.5201698923107512,319.0678392034381,2.6359987833142005,Degraded
0.8967884099060118,0.14287596133941172,433.19186288502215,2.3724975435123925,Degraded
0.47396164026287235,0.7753461504031356,648.7663900862173,1.1807884929527068,Insulation Failure
0.6675577385210272,0.27140938044671437,747.7625952639262,0.7937546005309333,Degraded
0.17231987120162984,0.49669542281794654,239.9024439923297,1.1299955541101792,Degraded
0.19228901880867078,0.2842740929275167,411.27210704048383,2.8018911276368343,Healthy
0.04086861626647886,0.13382836299969314,276.4699552817129,1.9539720946243884,Healthy
0.16893506307216455,0.6295576968917366,206.64529772325042,1.833700521861957,Degraded
0.2785903390319586,0.05433203482290383,785.55334779588,1.9909839992311538,Healthy
0.17701048427674682,0.7486452341262,910.1601674926225,1.4150706643662883,Degraded
0.08870253375705561,0.31758679526111666,376.52986382773094,2.517767550798782,Healthy
0.12063587110060081,0.00013469300448532007,753.7661351300292,1.8082156232506246,Healthy
0.46077876803272577,0.5111291392372298,898.025336470767,0.7918697569219888,Degraded
0.2063337184057925,0.046851908527603126,847.6629684249292,0.8226628120726573,Healthy
0.36426986104807546,0.27616955782089947,190.98525465383364,1.8421478662565458,Healthy
0.5034172708548569,0.7069764874557162,956.7289626982277,2.8414255451770978,Degraded
0.6903948286293653,0.06268962162186587,382.90967602516787,1.2708803041904968,Degraded
0.039312139841098936,0.8393384923560023,345.84825456209796,2.6738529221480456,Insulation Failure
0.7994103989090426,0.003819922658583108,71.80701400500253,2.4102389664471984,Degraded
0.6279003894909078,0.24682386920190225,491.3119175638342,1.1195311072672671,Degraded
0.08175903194887191,0.7409040561520714,117.92347948451942,0.5908518707906061,Degraded
0.8735786241067772,0.3162701497293068,256.0544227181517,0.7546181628559568,Degraded
0.9208724005318132,0.10189238806601353,323.77319554960854,2.3212348346186005,Physical Break
0.06107795985486375,0.3602339188004279,810.7380602567672,0.9991743451016167,Healthy
0.2768776481472037,0.27039328638452553,876.7337638919375,1.4281773012634844,Healthy
0.8062012797930613,0.8427119021605549,309.441654286855,1.7542479150160621,Insulation Failure
0.7482596903836584,0.31334791758514313,860.1111400321281,2.313670421125407,Degraded
0.18452101935637732,0.7889324717760072,858.6586279960932,0.7830780581478134,Insulation Failure
0.2093493233367103,0.8918721448107347,767.0044408810248,1.5159160131936538,Insulation Failure
0.370472102791382,0.43381741957652953,155.2281628750297,1.7126822728567386,Degraded
0.4845229851910213,0.909943143854392,693.4196184317217,1.8520676599288493,Insulation Failure
0.618254771530296,0.37731805396319285,945.573823934763,2.5459016034880415,Degraded
0.3689136395697724,0.9640784164901082,685.7150739794855,0.9291954876080423,Insulation Failure
0.4625347161331479,0.08928952452557293,338.30068061675564,2.519578629566556,Healthy
0.7474709381337565,0.6870192665032427,505.57352425652294,2.2321960692416303,Degraded
0.0366832028905979,0.49381404045692867,649.2677929175431,1.8896770354973984,Degraded
0.25243694434402075,0.38764880545564706,515.4647046412185,2.2488196760064296,Healthy
0.7133495858845524,0.6327118787486009,128.75341231366014,1.530044347379141,Degraded
0.8952068376871993,0.7038570916343312,318.9434042055004,0.8459939649203114,Degraded
0.5116774421156661,0.004363269650309087,804.3720702480962,2.164413100663418,Degraded
0.5321134852653157,0.16695308874719872,862.8038656345623,1.8116807667140558,Degraded
0.10717201133977605,0.7130460506343187,145.92703238841452,2.0984370013569387,Degraded
0.44741236682345464,0.6663854135782065,952.8628848747373,1.344996952571225,Degraded
0.5326172664550232,0.9660475051286772,335.5343916701232,2.7671664433495895,Insulation Failure
0.24247050363472966,0.761037790250783,665.6906013434128,1.9684246714389424,Insulation Failure
0.26924323094938096,0.950772707731338,754.3068944971143,0.7135062107271846,Insulation Failure
0.37728416310462265,0.702540501534807,813.8267722915045,1.6245099767610718,Degraded
0.02007119777772637,0.29805220863944315,946.2922052036708,2.3908901368590856,Healthy
0.3220791655831783,0.10536492225085647,319.7903525485344,2.485336404330681,Healthy
0.21144800699654465,0.7818238633449356,859.9213900060389,1.736492631909397,Insulation Failure
0.32749735217791465,0.6441492214759159,140.37003440184498,2.7368689270782527,Degraded
0.11976213181925122,0.04818601239329623,707.9904972900569,1.169171092985744,Healthy
0.890527280739895,0.36005046590097833,744.557952218846,1.5264967430956664,Degraded
0.5935924535540487,0.9567998154842862,680.9460087893073,2.7464922764224253,Insulation Failure
0.6791023191444896,0.5004011457102012,259.79158877380144,2.7406417911789474,Degraded
0.7891712386073383,0.43272913601970464,874.3127155450513,2.2142819220617023,Degraded
0.4984421989290573,0.457699605159294,177.16987873669106,2.6474513678055502,Degraded
0.08692028808742369,0.20888272400516372,63.09844360562253,0.7219331673905817,Healthy
0.5371065418185478,0.3687071708647952,720.290340705793,2.662487440519441,Degraded
0.5868411180208791,0.3698132559871766,480.7209580804064,1.3015497663755669,Degraded
0.74543947418433,0.0523550201874724,850.6070397590893,0.9458287810705408,Degraded
0.4316595462296794,0.7675676285179183,389.5631696476764,1.0984245908551158,Insulation Failure
0.12758030279556376,0.416504431903879,176.5958026226357,1.5449212700347177,Degraded
0.28377590579872447,0.8221798868164233,838.077770545171,1.127980011511168,Insulation Failure
0.3630822963986351,0.8503480011198954,553.420535323671,1.3014189650412475,Insulation Failure
0.6459172413316012,0.21199405469865806,197.30383446645135,0.8374462151791052,Degraded
0.5707783046689119,0.6573534821701286,723.1801586005813,1.2404419138974963,Degraded
0.35609672589784624,0.4722818041629817,516.0025021046056,1.9307095363550029,Degraded
0.9865152487929797,0.8801567379214851,608.2698524179166,1.60463427022766,Insulation Failure
0.6057748193568872,0.21574067917645412,466.28935482451607,1.366796903089778,Degraded
0.23722679173599448,0.6778132003100442,830.4218939798263,2.366130322142785,Degraded
0.10178247262040374,0.6077521222527226,831.2670885262194,2.7337749284832946,Degraded
0.15285913918433203,0.2953014775718328,712.2949336061424,2.3919730572559925,Healthy
0.24595772838450813,0.1366009036511726,114.34736362249765,1.330001755294198,Healthy
0.16068137325955567,0.6516397604772766,840.4653232850281,2.3611054195938843,Degraded
0.18656702405130576,0.7385974581323307,674.3028507275807,0.879950456185128,Degraded
0.2850951686938471,0.31562734376335,700.0539243442565,0.8257949702282272,Healthy
0.17337359529475482,0.6448326040223138,369.3530119998329,1.3640675925903973,Degraded
0.8967654246264252,0.39513090761150327,880.4867605954366,2.5192559226101423,Degraded
0.08023374566164221,0.7132068832826177,728.1178842325089,1.1158706181057547,Degraded
0.5245113895702547,0.1992152748940531,121.46456186390252,0.658133522246699,Degraded
0.4103968269896615,0.8902150026361744,413.70025406210107,0.8292738380158877,Insulation Failure
0.9823786169086064,0.28740959646557973,887.5165583405403,2.6468624213239504,Degraded
0.11203890216805235,0.3677859877561529,56.724734680405206,2.084458211868219,Healthy
0.39785559904574164,0.058091952080349785,961.802453445629,1.1330029084249418,Healthy
0.9694704332753689,0.1115122123212764,682.3709426363672,1.8882395633204534,Physical Break
0.8655071258939803,0.5158619027123281,635.0622178669429,1.818949056063376,Degraded
0.8170720709492799,0.2675926767279715,277.85366392311147,2.138589946101653,Degraded
0.25790282704493983,0.8354802257421944,256.3038708517853,1.0829688860540407,Insulation Failure
0.17088758739006582,0.014693388654953843,942.6376372937095,2.661007467985994,Healthy
0.668643219924431,0.3790940486719362,305.28972969178153,1.273421405200032,Degraded
0.9293759891275858,0.3373455467690927,777.7502437518094,2.235329134940592,Degraded
0.5567628930139298,0.019327630917601035,399.1905802250084,0.5403116159305372,Degraded
0.5716126894698998,0.12436839900051022,147.86153007685692,1.431642824735368,Degraded
0.2799790936602842,0.41364267491863527,20.60814471840536,1.3792745448970207,Degraded
0.7694929331919369,0.49286458444744663,548.8147636450983,1.8587110714575363,Degraded
0.18704374855752337,0.4042897472548691,976.0210303634433,0.6818406544429912,Degraded
0.3236792364042437,0.5309376784120938,375.44483187111246,2.475328434315271,Degraded
0.4254364386164168,0.5951316749056815,363.6204106531144,1.0444520044189214,Degraded
0.507610378684455,0.00992382112783563,350.6507016709477,2.1925945372050255,Degraded
0.24240973241508024,0.4640951594535039,525.3383989318098,2.508030308110233,Degraded
0.11483682473920354,0.9634992408875883,446.2582345900506,1.904692390603783,Insulation Failure
0.6106200424416326,0.5190322801295487,881.1154804597444,2.3522080168049637,Degraded
0.28863055324025577,0.6775422674589532,510.4655838062554,2.154650780537514,Degraded
0.5812382214226123,0.3118638579168832,512.6802598066831,1.388824492880019,Degraded
0.1543627152742023,0.7739913781527625,146.98787877335104,2.5221463475839134,Insulation Failure
0.4811401018548175,0.7729214818761151,982.9121455012821,1.2367534247138199,Insulation Failure
0.5325894325515859,0.521296047654139,257.4731619601414,1.9280322943787929,Degraded
0.05182353682242691,0.9760138232792136,82.63042678500663,2.363494347853849,Insulation Failure
0.3366042781939206,0.12555021476265338,666.5147864854567,1.447389774531269,Healthy
0.13441467693897424,0.016947664889580993,599.4127064553039,1.2569190190435626,Healthy
0.06337497047276774,0.770158211757096,420.99419745281824,1.6483650254320568,Insulation Failure
0.9899602323899452,0.8071555373648825,427.9703115418713,2.544908735872884,Insulation Failure
0.32235384497472297,0.12020722912057624,787.2132818359669,2.824804407864162,Healthy
0.8098744458546349,0.2655828329586061,203.75551369865258,1.8627085321497254,Degraded
0.25464065476376385,0.01755236336662891,822.0507857554409,2.1536655133091296,Healthy
0.6815027222239293,0.2933086107805647,652.2596427560679,2.7581840555972854,Degraded
0.7602278598896866,0.7731418739186715,424.78007604172916,0.746367128532356,Insulation Failure
0.5956387406078443,0.5179605277125789,463.4483304180299,1.0801964446654126,Degraded
0.47157618855015837,0.3480955931682881,264.0807351142348,2.272250015628956,Healthy
0.41184091414726853,0.3717392949063303,754.593189370005,2.559361154780749,Healthy
0.3488682665429953,0.0013536257154681541,517.7459948822151,2.6425725708264447,Healthy
0.9295291442478258,0.2998005275652359,327.6459973223452,1.5377679421373314,Degraded
0.8306194077877291,0.6464587416379305,600.0896146033407,0.7233497557296671,Degraded
0.9650269106665126,0.9741944438163571,995.7771075308099,1.5944536932490498,Insulation Failure
0.12429722348554473,0.8470608269838995,440.9096568599883,1.0768364755176345,Insulation Failure
0.7308674752036443,0.023594964645529126,921.4844867708333,1.2279911374915604,Degraded
0.9383404568210378,0.8985606046748393,351.56667152532043,2.4306688920937645,Insulation Failure
0.18123306616566015,0.7831984132986259,64.18537985573602,0.6888177150647172,Insulation Failure
0.0664962673667775,0.7803761235709804,212.19968530474458,2.568953043701755,Insulation Failure
0.741120649290059,0.4579957590035715,424.5081918944074,1.5691727145604226,Degraded
0.5744731131799119,0.3980052929545028,227.43857930862333,1.9901598277514876,Degraded
0.8418287767582721,0.3029157288331926,10.224767836072981,0.7241305780891976,Moisture Intrusion
0.1397723766262895,0.06569485895436578,915.851522370052,1.343397695893199,Healthy
0.7952673118598902,0.2282353634936991,845.4406171186197,0.7242522975371144,Degraded
0.20162732004774453,0.24660363497802462,744.8693091720777,2.903859307202774,Healthy
0.1636559428657045,0.4840770697102016,176.13644968956834,2.518154123315626,Degraded
0.16426579793099294,0.747444406596694,129.15994044788619,1.6490818858911505,Degraded
0.8145747202313821,0.4738098283979466,76.92870197765932,1.0590063708091777,Moisture Intrusion
0.6651972206962001,0.057844449447160606,726.788896885192,2.8336377631246306,Degraded
0.5230654247691193,0.9577898009882039,929.5198810810065,1.3614914893174295,Insulation Failure
0.3588304841235025,0.9427243190941123,436.2304627039066,0.9024610792184369,Insulation Failure
0.8772005408131083,0.7851895431484084,127.94926527608769,1.9079109711348872,Insulation Failure
0.3924451074226354,0.9913279015642206,517.2688925247855,2.85943530086204,Insulation Failure
0.8165994394715771,0.5444823328002629,355.3435883840438,0.5095757262508065,Degraded
0.4391349085702184,0.9627683502532061,381.0766751064977,1.0953121081349968,Insulation Failure
0.3769444294249076,0.07560504061675077,625.1173179141502,2.846119101026019,Healthy
0.46267978566960644,0.3656807482613713,721.5309321295804,0.9277149171429051,Healthy
0.3013778741641421,0.22538126800676583,119.49756288442924,0.7831086290995497,Healthy
0.7476093801762511,0.19583308413427003,45.23432849841162,1.9254680394995112,Degraded
0.5027203900924792,0.14080294889267608,994.3869996588577,2.6546095582370746,Degraded
0.2322126951468173,0.6224136415659967,240.40106542639631,1.6927745442348154,Degraded
0.8995745732745685,0.7813218557473051,63.29221965937449,2.986410641711312,Insulation Failure
0.3838912213732114,0.5782983994203607,197.9765758049608,2.197929248844982,Degraded
0.5435528611139886,0.14696270958820967,48.568267884979576,0.6851872680261193,Degraded
0.9064721109645469,0.8111237699334709,397.89278567099996,2.9820803292049383,Insulation Failure
0.6242379959139921,0.6359547071637285,804.3777666068111,1.519735591950476,Degraded
0.11689804070836407,0.3881657061269955,347.83200526014343,1.2185063346137064,Healthy
0.9398321236134751,0.674130295536063,449.74157280958286,1.894697958944714,Degraded
0.6277080530714179,0.25990497924283285,678.8309058317644,1.2607689795521608,Degraded
0.3349056146570861,0.3451922084942105,513.8051293691814,0.7161437678003808,Healthy
0.13927207266338726,0.9174858431319902,862.831229161111,0.5035708576979419,Insulation Failure
0.794025189270296,0.2905045056714204,867.3753182952989,1.6239583823006558,Degraded
0.6200727559285135,0.4699882681579366,19.811588536242105,2.592158555566481,Degraded
0.5334610919763215,0.8901411373960146,780.2658434183671,1.9307879640751913,Insulation Failure
0.8938925830509576,0.7077213502675275,466.1262642392571,2.998018247358602,Degraded
0.7885972112245307,0.06220322616470275,988.9521358906264,1.2171166141179999,Degraded
0.15167487973275118,0.14730304427897034,488.3997551166808,1.2011376619001384,Healthy
0.31172206779554823,0.007841590771916818,987.0269859344145,0.8993736505848605,Healthy
0.24848913981446574,0.6309217902291634,757.0236675936792,0.910158970663338,Degraded
0.743946292572677,0.4476734254104183,256.11883576717327,1.2129664900251196,Degraded
0.03353243473577938,0.13427485090227553,543.0110294940881,2.482100113183818,Healthy
0.5698896848713165,0.9579341210567704,992.2142830837969,2.76439197659112,Insulation Failure
0.7624586857406905,0.5296597239456199,858.9553016744045,2.937717924269203,Degraded
0.8767656367617495,0.24189329411288918,106.3932248533089,1.0807241352411316,Degraded
0.34208174871590746,0.5006035711547075,709.3082768418961,2.703243864035229,Degraded
0.8212573046720129,0.6796203327351078,352.1237900121049,1.3206377231933426,Degraded
0.11063173695520723,0.07623921797356448,16.912439261544634,0.782101361292211,Healthy
0.8464522917345182,0.274703815047892,409.4461593367296,2.675062313800414,Degraded
0.12748866233198242,0.8069654908839936,242.4068775077216,2.0902640866090465,Insulation Failure
0.39728729056036727,0.45966487040266124,820.6805778152668,0.9118272402026544,Degraded
0.7972953657795536,0.5465771420322949,343.95730275730784,1.5745781437825064,Degraded
0.14991742734877378,0.43281600220946925,829.2484570142789,1.2181442371926692,Degraded
0.22925139523264149,0.04389994264300512,10.591959446447355,2.341986421775492,Healthy
0.7222525683930663,0.16574977982015593,314.74095852585793,1.63354057656067,Degraded
0.7200365365460744,0.4455416387418909,248.75356216468433,2.9731998627659624,Degraded
0.6411476328852973,0.20918546540792782,241.23168745792486,0.6368624556489878,Degraded
0.6939484444671,0.04997902865967874,77.50475356780807,1.3875381653406167,Degraded
0.5427244433475962,0.8436496640518237,195.25302770639672,1.7047504177749435,Insulation Failure
0.25179905890695276,0.9811925291641158,559.9940741867637,1.7578338868707994,Insulation Failure
0.34569599350391944,0.7931428739967394,298.44746210936705,1.2898395559640918,Insulation Failure
0.18159771680142567,0.853784921704667,423.2208345058565,2.32310062274392,Insulation Failure
0.9084505613336283,0.24197713031704537,383.0982115437166,2.686867683722437,Degraded
0.5833917947661205,0.9606269755131998,877.1458757498956,2.8467982549446575,Insulation Failure
0.4008514167636399,0.19692570445342839,906.2460090204103,2.5127334419988157,Healthy
0.4620058036441327,0.9514298103618323,498.02740193930146,2.6264504932664985,Insulation Failure
0.9472833396118153,0.994819293965951,336.85439081244834,1.8763632515499888,Insulation Failure
0.1533514031160802,0.7117228057460487,115.73269696234,2.5647205660670362,Degraded
0.5862298320167972,0.9811437317918219,953.8688505882741,1.2587597728698805,Insulation Failure
0.505888678884466,0.5695397795671037,69.62467545129448,1.496196905273036,Degraded
0.6114542354346478,0.25954178317609033,304.6737747925976,1.2922825345463607,Degraded
0.01811018382084051,0.43699588566562086,305.08553915830413,1.6684683386198136,Degraded
0.8721239089441515,0.593560935378786,327.19727327881276,1.213949040596591,Degraded
0.9321182824836124,0.07308156202701499,172.64397483968517,2.904028605636117,Physical Break
0.5651331835892089,0.6223432646172461,785.3298166144602,1.2821115700141703,Degraded
0.6966508238768923,0.9811778367622945,131.2728833463293,0.7451113452773496,Insulation Failure
0.9224993811772957,0.19010764978372763,638.5575925616312,1.8170429151260334,Physical Break
0.7072386343133986,0.7925951162883833,132.60756643875928,0.6427476961129409,Insulation Failure
0.15253904291426135,0.9078987937796194,79.830281217027,0.7763579157714513,Insulation Failure
0.5762883601668132,0.9437015928202208,910.3352086490178,1.0484734729906158,Insulation Failure
0.6067150463828559,0.9601356044054472,198.2274786555186,1.6608756247053542,Insulation Failure
0.424130671302386,0.5214596387214719,823.0376530141073,1.5831273307725697,Degraded
0.7364442356247228,0.9773079079915037,549.1845623960645,2.499229655006978,Insulation Failure
0.9343670147690148,0.7573102071344389,87.0779544126819,2.3486866347102833,Insulation Failure
0.9255685129067763,0.1616714362369619,955.8937095236868,1.5657957349767533,Physical Break
0.4508393714041321,0.47690010646797,254.4915553219736,1.3342605189390748,Degraded
0.11323804584075525,0.718331175372004,861.0488918990804,1.2911719601537466,Degraded
0.9848411989623346,0.24734031581908333,177.12190572671852,2.4349877182350226,Degraded
0.8388980864459341,0.6406151835488874,855.4034533204343,0.6301810155531744,Degraded
0.12466268120326685,0.6666004790466192,23.096524776241047,0.5320541237765146,Degraded
0.9208418826173723,0.1626997438085659,516.6626520037859,2.48886097981662,Physical Break
0.8698963620621283,0.5650853124527563,771.7481536273413,1.6928659399726231,Degraded
0.5188380571260721,0.7716269109786077,935.4475623178555,0.8272028463839399,Insulation Failure
0.5912754357449292,0.4988956645359419,910.1101148444221,1.088914836486253,Degraded
0.39900270387013026,0.012103116776107425,821.4286208521685,2.8312598827434563,Healthy
0.05476163882203133,0.009038469079292177,889.3094361646911,2.648757439062245,Healthy
0.3351972416459009,0.3570293439700122,207.22748897870574,2.2744626255599316,Healthy
0.8028534485980114,0.926194068431782,291.3424527546115,1.7055630758433165,Insulation Failure
0.004632023004602859,0.22867677960360877,296.0788396718479,1.8008090654784643,Healthy
0.3334991716911442,0.6343636888716871,383.28339169168186,2.9381113382098967,Degraded
0.3981686935909433,0.22207587069332058,399.3874636813368,2.9144261097107176,Healthy
0.5373956029379229,0.3216699896595486,549.1097714081287,1.0381726144645858,Degraded
0.9198556164127605,0.848042089601484,168.28096573277696,2.5277614157632953,Insulation Failure
0.34634599436596125,0.7288614422699469,694.3341971481294,0.993106665417542,Degraded
0.3469532018962277,0.09539927731321063,175.89087391146143,1.0338436947098786,Healthy
0.7375012481097484,0.4287020209864336,317.20539728350207,2.190232585411442,Degraded
0.45221794088980716,0.029169763645264468,508.3116793000925,1.512502746468871,Healthy
0.22460482293998196,0.480890146603009,798.4761559082425,2.8288610177663003,Degraded
0.4524395161326934,0.6624340117010681,742.07454090634,0.7225243372400221,Degraded
0.14085702037979986,0.11850262359815156,649.0790128464171,1.7788141020237327,Healthy
0.1763869865062233,0.28888493890916567,164.21552797436846,2.796303826107803,Healthy
0.49836777273947974,0.3978366255021569,551.5748921594219,2.760284151198763,Healthy
0.4189254495045479,0.9195310246560497,96.5720367818866,0.891323033539353,Insulation Failure
0.9148459010681,0.993255015422964,383.58954502868426,1.416594250241141,Insulation Failure
0.3623938991166331,0.044911298995615856,419.38136498705956,2.0478035001167405,Healthy
0.5805883502780435,0.761007923495392,49.41332505129629,0.8984872119285054,Insulation Failure
0.6322642879195304,0.37172406640234323,281.2482184752721,2.920055430114347,Degraded
0.013094456588333636,0.39245818622948003,956.0929725938245,2.786873321819151,Healthy
0.6635373720167106,0.7542649733470227,954.0962817513926,0.917375447586173,Insulation Failure
0.17803596686975143,0.9184264321454086,358.8037837100139,0.8028886531524635,Insulation Failure
0.9610703174694551,0.9509285945025484,52.66910785884082,0.7135212070206632,Insulation Failure
0.14866272775311296,0.5771225860383208,187.30398993489973,2.7736091600915778,Degraded
0.41462412372702373,0.3571211593005028,398.2956154992047,0.984059524488652,Healthy
0.08534966807864386,0.7875490858587793,948.3019009895374,1.5407123213608869,Insulation Failure
0.9968742518459474,0.25100138326230026,149.78707290181308,1.6221284141300076,Degraded
0.5021950103312426,0.5640740288335178,765.8806852315302,1.9975276105339188,Degraded
0.5953850173200438,0.35857846152487316,117.59571398094516,0.6793383593685625,Degraded
0.06707647738842748,0.6566310737078761,981.445001617364,1.0668965435012898,Degraded
0.7499604703991778,0.2403989128935069,387.8003341180436,2.828725967297315,Degraded
0.20990559309558576,0.19159294573482577,777.4821935100655,2.7710252681714236,Healthy
0.8980542894407137,0.9182390866754371,349.1651719830205,2.4532266185142304,Insulation Failure
0.20513964048200717,0.1018036829495369,631.3921883872206,0.5485031140455385,Healthy
0.19068772066366657,0.5059579077349317,200.09592389263636,1.3175169212402553,Degraded
0.03654966784809488,0.22085278296300892,154.5608091039929,2.06989683835727,Healthy
0.47206694510999925,0.03892996332566745,938.68349817245,1.1879755294336891,Healthy
0.5648411332626164,0.03601881829142639,918.4708051253891,2.7739667376344435,Degraded
0.06570863942835237,0.17522177210582734,888.5942508107536,2.0847236545811048,Healthy
0.7755276166950106,0.8667703545060003,629.1791156649275,0.679766793291114,Insulation Failure
0.4532888347480276,0.28247874397702666,810.1855291041154,2.7725139720892575,Healthy
0.52439026932758,0.9504591705752957,78.34656754226117,2.894416645440556,Insulation Failure
0.44076274693822814,0.5816222929891935,341.44115147177234,0.6942810459793137,Degraded
0.400763060875326,0.4366141897687661,320.5660935095847,1.8309005871532873,Degraded
0.5596403313082179,0.5800888346694546,639.2888687330872,1.258410705535426,Degraded
0.1552402459307125,0.5166983852262678,362.3981957359341,1.482097691203506,Degraded
0.18192813049527112,0.7587762537573252,157.02171382724399,0.9491280448883548,Insulation Failure
0.8617856210135173,0.28249606597285226,600.5024046594083,1.9451802550310313,Degraded
0.9461154621336327,0.3530503916003024,816.2400814623907,2.8949483831222267,Degraded
0.37330931627975295,0.8940943025332507,388.30225951537346,1.7576815006790225,Insulation Failure
0.27074467314355377,0.9464565131504055,140.94602794749687,0.7072864534862029,Insulation Failure
0.6439995432390158,0.8925582274864745,204.72131533969483,2.050003333693521,Insulation Failure
0.4087341710980964,0.4194479939573136,245.10847211769016,1.3505574861281426,Degraded
0.02538635566034486,0.7803655030068817,306.89861706459084,2.6398129739782448,Insulation Failure
0.15615259736619036,0.4763357333010988,646.3671198012461,1.5866953707911755,Degraded
0.7159722288473975,0.4975398521461022,604.9360296923418,0.9820990223556141,Degraded
0.6589239419101514,0.20468010905728395,699.1190629513687,0.9777640567278624,Degraded
0.02709599250348349,0.5911303032585165,368.87696468619805,2.421910451802901,Degraded
0.22197216193294944,0.18613589775334793,825.7576753611785,1.1639689957683999,Healthy
0.2310747965880714,0.33156469906719377,212.04678454420267,2.4180834853980575,Healthy
0.6718927435987284,0.8550302016199351,474.3503400429724,1.0147182769164984,Insulation Failure
0.019710537754364155,0.20707580921085522,802.929334326016,1.3042159217532734,Healthy
0.10410858198457384,0.07115828517343281,188.35706125529305,1.6637174310992484,Healthy
0.7999160853731894,0.0690075926128163,118.76448260337511,2.857989624233627,Degraded
0.1785446620543336,0.9407845205031079,884.8471280111098,2.8293285618845614,Insulation Failure
0.6527461078518747,0.5069204379618346,349.5003661316039,1.0171796885557196,Degraded
0.23818278104672652,0.40941207181701833,687.0314236599417,1.395547603107682,Degraded
0.09944139275934516,0.8108785810079184,35.095118221299096,0.8734984711344308,Insulation Failure
0.24317219099945409,0.835825927910516,693.1464195253551,1.7749626982837428,Insulation Failure
0.7222669318556592,0.3321910331156046,322.9402984315008,1.6514563767366663,Degraded
0.8556964681062857,0.6936180574737952,65.18344505156733,2.751900406126831,Moisture Intrusion
0.8302198645669916,0.7711228158518866,613.7146339326358,2.8250134444776815,Insulation Failure
0.3971835296184548,0.6546506868659545,248.3957779124415,1.4589184775182302,Degraded
0.6680851365706462,0.15159507480009937,392.9391696313612,1.7293448575474737,Degraded
0.20498429541582097,0.875883083517057,89.77500416364846,2.7405906228653327,Insulation Failure
0.29314773026101326,0.5390945527360087,155.69161858399588,2.516769519362654,Degraded
0.8963358185211198,0.2824724263700037,304.9974631408853,0.5091407783616232,Degraded
0.013001923510736035,0.4252281854376939,98.86190555455556,1.3001489104589563,Degraded
0.08550853085446808,0.03757109039890738,911.718002039452,1.5544356048403147,Healthy
0.20788625514602732,0.12786680122241756,15.986572752138635,1.0742907092080793,Healthy
0.026532203873819715,0.7655467505158609,489.02161667566827,0.9989290397398469,Insulation Failure
0.18143543508979731,1.1634755366141114e-05,132.01498355122595,0.5944612664891992,Healthy
0.5830415609696922,0.4165658284822922,314.60229858316904,2.1084243126744013,Degraded
0.42142455059249795,0.5225101810855884,926.7989642200828,1.1562757262079142,Degraded
0.8926717110769748,0.054634420000972295,170.077607741247,0.6308679460782827,Degraded
0.8174435617384409,0.9730781629723328,966.1739965211493,1.0774482763201592,Insulation Failure
0.34181735169787597,0.22612533124967193,213.7364332195275,2.5047848820903162,Healthy
0.2594234334312925,0.30419871963628087,744.1504473821612,2.6287229541163666,Healthy
0.3796924081672669,0.30394251225502733,551.2104922483386,1.7076656129832566,Healthy
0.5902949425148077,0.2304166621173499,885.6339403207916,1.5401766760217155,Degraded
0.26806364082287626,0.001473822086311416,558.4533229480996,2.944634233754454,Healthy
0.624148907849134,0.7293447940879964,539.2136269647456,1.0014116489701748,Degraded
0.4094116521912404,0.9668454997992854,203.50342036471588,1.0383982071365212,Insulation Failure
0.5520471808519802,0.22429348328504506,174.56706843114213,1.2296679425909993,Degraded
0.4361265291353167,0.6630471918034224,917.3242596043591,0.9318932957027183,Degraded
0.29446575954191767,0.7418963269587151,334.5598168615337,1.4484139955104665,Degraded
0.9484533069621567,0.8484253790905247,378.361432413267,2.7770855674743844,Insulation Failure
0.7636057941597608,0.4226291970136091,762.2254218441045,2.0383696015714357,Degraded
0.14011317576645255,0.30293090564042924,345.4352475985793,1.529866371530659,Healthy
0.8684679758979128,0.3252951340230311,952.5418221726127,2.836026986428037,Degraded
0.48743119824951364,0.7126213330985128,740.5484913088123,0.6211605811895557,Degraded
0.8945522268940914,0.816779466505636,601.4549501476858,1.0256904447546535,Insulation Failure
0.7998552559473152,0.18161396775660266,882.0862089393049,1.9147215127543975,Degraded
0.42521350446923345,0.3709410081577652,59.109849265987926,2.038881557982948,Healthy
0.022469308320117398,0.90194019674915,264.49206526731666,0.5988937664065328,Insulation Failure
0.2686773593849461,0.8066935196947392,470.38597087870085,1.5075968947678304,Insulation Failure
0.5416342146608669,0.9848584027624758,234.7087540768058,2.1228849120771818,Insulation Failure
0.6334782198261473,0.7542482596820808,746.4661354291304,2.2451763660085042,Insulation Failure
0.2578876854332023,0.39319520102792227,920.0159507431879,2.0953497562906733,Healthy
0.13935607407282413,0.5906378339946378,429.53241873161414,1.3014080609023113,Degraded
0.8349302367992991,0.6610142542473203,348.711274110776,0.7338003089947738,Degraded
0.9844021807035521,0.07845581631712395,961.9352248161906,1.5677811160483353,Physical Break
0.5256901823026858,0.5444969591038651,450.4039084992654,0.8218860934201386,Degraded
0.1716792858483035,0.7093208284726096,494.1579164447904,2.8690591463016677,Degraded
0.27230732651936895,0.16732130400106038,358.1333736184863,1.6879271650565706,Healthy
0.018390676547466733,0.7806317174255571,910.452988282017,1.293147935892169,Insulation Failure
0.914298806560499,0.5837727805141116,573.2659284490322,2.4157601777972504,Degraded
0.11775108289014113,0.9522217856975946,764.5528413098282,1.7448714814556596,Insulation Failure
0.5765164755142536,0.042422298206891695,813.6886511673775,1.2750850600311252,Degraded
0.274055220687206,0.26532613755546697,348.4305514980856,2.5299193559770043,Healthy
0.5541780025157934,0.6015538792998241,439.35738800717627,2.667880377502805,Degraded
0.6514203883518642,0.2965599122059307,849.987056662202,2.1825204157216924,Degraded
0.8297418037072016,0.7144241640712422,369.62279815905214,0.6174110560191682,Degraded
0.2064212717606032,0.759005282521931,795.9957821173327,1.9158072004163302,Insulation Failure
0.010995828658480478,0.10251596406647445,941.5823993486928,2.408237279993204,Healthy
0.13688563006880727,0.5138544642067677,626.9782693373269,0.8412575302089554,Degraded
0.9000186418481051,0.5088905555910559,744.21101457737,1.0716768784615085,Degraded
0.8738900775625152,0.36928077021554107,807.0463389207235,2.706237762670341,Degraded
0.5974131021703083,0.9329248625696721,846.5892524076761,0.5503043046326851,Insulation Failure
0.6005168604336534,0.8275063198732212,401.102804478228,2.38181784456494,Insulation Failure
0.6650366745462555,0.6972093819096368,60.75082458423819,1.6844332312860573,Degraded
0.1753712786234496,0.7143266357349976,407.8575085243721,1.6169303970990172,Degraded
0.9144119459249598,0.4617161438131191,677.0186674862489,0.5177413312372179,Degraded
0.4187705248920731,0.9209945210965759,455.84688192298484,2.548495577416232,Insulation Failure
0.38313852824949746,0.6945954272532854,751.4735193517946,1.3995622515914161,Degraded
0.5189177052828375,0.7289810616558164,363.4126051739772,1.8519140782513572,Degraded
0.046965966775055046,0.8616909037873453,638.3966996929893,2.1932517158391485,Insulation Failure
0.1662833687560794,0.274071589342191,194.55560680543482,2.2565739410947896,Healthy
0.7380336164263704,0.807070903866703,751.8757422785073,2.8899501470651807,Insulation Failure
0.08279866792512647,0.19524060295649204,550.2390091248956,1.8283498830915228,Healthy
0.6031521094663882,0.34534195224488784,212.02374466113457,1.499298877436069,Degraded
0.24534910968132095,0.3356104542698427,298.99206176282917,2.8842590662292698,Healthy
0.38929561404197655,0.9785254683891406,751.1226214960141,2.1052755875638027,Insulation Failure
0.28869373677069987,0.8565372237479268,487.77522330490547,1.245375890691389,Insulation Failure
0.35567271646494913,0.7011698615902597,223.8711259891415,0.8161606135089279,Degraded
0.7190459051842455,0.7270567616153901,967.5984784665947,2.6063862536629534,Degraded
0.297121715623175,0.5620727944025711,717.9737696187191,1.405454006985379,Degraded
0.5664046402968972,0.9470906671085191,957.5634842143982,2.1511743034110777,Insulation Failure
0.47605040219909966,0.49625875288236154,432.8339949067398,1.6770410484147453,Degraded
0.6636711653626481,0.3805177098698945,480.34933728480325,0.9973244494875959,Degraded
0.936829739324758,0.163035336931591,898.975664023169,2.0042165215511627,Physical Break
0.7325720972102503,0.786205652261058,529.7988468429307,0.6517076723767058,Insulation Failure
0.21494037859075676,0.7344439320755914,710.2061227866105,1.5333561496779806,Degraded
0.031183135061284672,0.3843550385241349,259.65114872057467,1.8665373491591777,Healthy
0.2622640442998251,0.02519341395922936,452.25920401561416,1.5901174352964476,Healthy
0.5950779307002548,0.8389973277180107,132.21536715225156,2.371680438127477,Insulation Failure
0.05142581348425035,0.011417983454073632,213.92023551819207,2.569812386363281,Healthy
0.49636624720123634,0.703699779629051,10.933981114954776,2.428107685082945,Degraded
0.5968428489168892,0.970257109726057,48.87240113217363,0.5970323695295052,Insulation Failure
0.3342438908169608,0.43766132814820347,977.51098494516,0.9853219261149305,Degraded
0.7709122037458219,0.23497340499595276,249.93015818539467,1.8415187731594358,Degraded
0.1065982531337718,0.7048710100433817,666.6776024089619,2.8370551011095033,Degraded
0.07513778173580876,0.8171281420155851,840.7087018116155,2.5873919376302923,Insulation Failure
0.7281887562036033,0.5464303160778473,555.1538546441986,2.6063362708795044,Degraded
0.49549131620619846,0.9670352752561462,161.61305508311662,1.2580204843991871,Insulation Failure
0.688402396427736,0.0516687216579611,730.8352729628048,1.5736197426967564,Degraded
0.4348273386037462,0.5047955983045281,604.2488959985873,1.6767648682898435,Degraded
0.2464020332391068,0.7184539473225501,733.9380834539013,0.8934289583747761,Degraded
0.8191023176741997,0.862640471149179,772.0491566285162,0.5776703256111408,Insulation Failure
0.7994158789689793,0.17925561190779005,975.6562640078977,2.867257248651292,Degraded
0.6946964708544268,0.8000034817636814,577.8276472264429,1.1017814641587669,Insulation Failure
0.2721451372299627,0.5527070757185453,348.2247015636958,1.0998722593090782,Degraded
0.5902306668690871,0.3965536819899632,651.9799113312347,0.7084476344218988,Degraded
0.3609738969400268,0.13171502857909356,77.75630215019987,2.821269379859446,Healthy
0.09158207332663415,0.8652957589089124,898.4233451383705,1.94934278734943,Insulation Failure
0.9173135754622428,0.15727320817971535,128.18720122481483,2.1675921428133846,Physical Break
0.1368186309189614,0.30978785920909924,334.5644095069601,2.7789422181576313,Healthy
0.9502373538208024,0.2900455319624369,817.5879268198597,1.3640504222519738,Degraded
0.44600577295795574,0.8714140341908543,601.3392545474047,2.05376827784521,Insulation Failure
0.18513292883861965,0.672702994208898,399.6991650746677,0.5969986368222187,Degraded
0.5419009473783581,0.7966813971913723,478.7013027812712,0.9669313205778234,Insulation Failure
0.8729458358764083,0.250467898792499,856.0019192701585,2.578114512724856,Degraded
0.7322248864095612,0.6248740996069989,346.6043421992932,2.416920890845839,Degraded
0.8065611478614497,0.5717459831437487,870.9531879640496,1.3766067286428672,Degraded
0.6587833667107174,0.8328303767882711,97.25308666692457,1.4420265694355312,Insulation Failure
0.6922765645178525,0.9060870604812605,779.0304528365444,1.8338860838839486,Insulation Failure
0.8491956515653193,0.012156771477386807,849.072156724189,0.5006025117128363,Degraded
0.24966800885918594,0.6740199190587927,189.99947630896537,1.1031108400950695,Degraded
0.4894249636431405,0.05183579911972902,436.04306704847846,1.0205795215205362,Healthy
0.22120944181960223,0.5488586650773559,173.84477691701906,1.1262073668744086,Degraded
0.987668007996647,0.2876327290436782,709.5380877042755,2.5147646063336033,Degraded
0.9440593396866133,0.3067765995221412,539.9942903810402,1.199184641366108,Degraded
0.0394268113685059,0.3529585034523566,638.9701132412379,0.9788033051253704,Healthy
0.7055751725156885,0.6212924490496101,204.52209728664903,1.7606586519825789,Degraded
0.9252483174156658,0.3340499656687692,219.62840343189532,2.66411259093183,Degraded
0.18057534512733353,0.7326990505902804,51.082352254807304,1.1033742595937497,Degraded
0.5679452305526295,0.4045273855738697,328.84685984377245,0.6963406069819967,Degraded
0.9154882975880418,0.06835320030995862,564.1472147203382,1.3910118396241617,Physical Break
0.03394597858579884,0.7837598424841072,859.3555648573555,2.3691295614124446,Insulation Failure
0.6974202672468399,0.285758324592706,670.2581729840939,1.8767263617369865,Degraded
0.29734900737255077,0.43276687959926263,441.0423601657539,2.5419834239358687,Degraded
0.9243961953765304,0.6854438832219015,953.5889132501965,2.898980369023085,Degraded
0.9710582451653678,0.332456157148712,722.0527485700735,2.4816561918790425,Degraded
0.9442664891134339,0.056585656146715624,930.8635508339245,2.0095076971093837,Physical Break
0.47421421665746377,0.3739210470128136,532.312093539444,1.7333539701309513,Healthy
0.8620426509893134,0.9444485826943034,266.3152320452082,0.6001727158706667,Insulation Failure
0.8445493985350704,0.6417343972985582,62.29841950107477,2.960804947035103,Moisture Intrusion
0.31910047324325563,0.6714791486672069,728.824002969012,1.4587028064376062,Degraded
0.8289154741506773,0.6322821536376398,130.08996802547878,0.8805705347921671,Degraded
0.03700763471549262,0.1989921389594368,309.7473769892475,2.166772138491142,Healthy
0.596269878482053,0.41833386410228013,537.1461988050585,1.2107207227386483,Degraded
0.23000883728770305,0.7509397983633183,568.7724219019502,1.964445677327619,Insulation Failure
0.12056688577727881,0.10137289755315915,604.5773650172647,1.966919769611478,Healthy
0.07695320162920916,0.27785277608971226,174.59277704620362,1.614324552257173,Healthy
0.6962887758781398,0.2763191084658536,385.9400307734323,2.5902965388626065,Degraded
0.33987496376806614,0.432018927594506,621.022284845797,1.1624176538886075,Degraded
0.7247667715287615,0.9803687409421851,970.1206759874469,1.6215814790443355,Insulation Failure
0.06535634079894237,0.06750254668382194,730.3548263226918,1.8442303214774287,Healthy
0.31529033783061033,0.518700994380595,923.3777195230182,2.159061801918249,Degraded
0.5394912923753372,0.17936468201221045,764.5899377310353,2.459929626263974,Degraded
0.7907231648389635,0.9706765454097441,595.7997992034765,1.4870182071956402,Insulation Failure
0.3187525029320699,0.1133035047274642,200.1031354449811,2.11511736024149,Healthy
0.6258913764370091,0.40360100236159124,670.018795373588,0.8765273826712978,Degraded
0.8859777482361871,0.7378849848346062,627.145770300308,2.8316202513561963,Degraded
0.6158631881823046,0.7045544280274453,606.4444787526937,1.4576470160525088,Degraded
0.23295947475363377,0.42272863689393225,494.88800930835833,2.323803554941096,Degraded
0.02440078155653802,0.34652416795271823,533.3700379493829,0.5508527047054441,Healthy
0.8700988739009299,0.39761237855287057,341.09810184692304,1.0129678572620175,Degraded
0.021269410850387138,0.2642762631586393,524.1195657158802,1.7177063608089451,Healthy
0.8747016726841994,0.2053329387067998,205.58034662169348,2.6956311693308663,Degraded
0.528937134027212,0.48303969755889,807.122653386773,1.8181378748766928,Degraded
0.9390676985128962,0.2685337560676073,193.91918515172074,2.8246762057346975,Degraded
0.7987832357736654,0.2874616648972501,94.11662699057176,1.7094922414569909,Degraded
0.9979341105333375,0.6567560634745571,441.8835660935858,1.7261227418398748,Degraded
0.35071181545171015,0.9685373316998922,661.7243651110012,0.7993669712513297,Insulation Failure
0.7671882889311269,0.6036372005593751,443.3396566842059,2.5066406103805496,Degraded
0.40193091360924216,0.07697946706496628,283.98659063179554,1.1174135311676563,Healthy
0.47987562030390885,0.07558361385406698,562.5894720515363,2.7490312234307877,Healthy
0.6275054632183701,0.951423220845566,353.53231205807793,2.7770605508259902,Insulation Failure
0.8736771141863388,0.29729079030733363,933.5390132253667,2.8582752796853743,Degraded
0.9840834691992951,0.09206698608247543,923.4186882075363,1.800576222757725,Physical Break
0.7682734138645182,0.5990445871503816,507.3481017723745,2.1927344619591107,Degraded
0.41776678216733376,0.6236487782902661,334.60515407807594,2.446289700154159,Degraded
0.4213570022770702,0.6485048201186882,739.7610898170727,0.8275365466261639,Degraded
0.7375823015888915,0.2674020278575413,46.34581404823597,2.002392987493743,Degraded
0.23877714576830233,0.015110684214475034,480.0213159832147,0.5857447532582791,Healthy
0.11047411313139466,0.9650153694544719,342.9601603276302,1.7439152084718148,Insulation Failure
0.35462215764077654,0.2508930456911025,921.3305262515291,0.8871067040505685,Healthy
0.28723899165408173,0.6760262880525475,21.882996999955715,0.9573073149052118,Degraded
0.2963081204559901,0.7066298698787096,557.2867269611656,1.4126189167315037,Degraded
0.23360775104990994,0.6100074170794857,743.2569452559597,1.5810929167912575,Degraded
0.04209318963636188,0.3129073942136482,490.1678076488008,2.057931061330468,Healthy
0.01787393473341381,0.27109625376406576,94.54899986109444,0.6860710460962891,Healthy
0.9877223897360315,0.5976682827027031,972.7367761276232,1.7592294030936115,Degraded
0.42777313373586234,0.8660956336116915,522.8303270623369,0.9565628256327527,Insulation Failure
0.3843266471596817,0.9467337289233956,618.0443818758213,1.9349379375793547,Insulation Failure
0.6796472826930698,0.10590580440375763,244.24368488043226,2.093511530652959,Degraded
0.21825388786506417,0.15482861259771985,488.6631042557358,1.8917731413821346,Healthy
0.9499611839502253,0.9447362587830797,434.85799703873863,2.345738776195769,Insulation Failure
0.786345014415552,0.7365352283347926,84.1468835819639,1.3390231106022532,Degraded
0.08941100231225951,0.8829938248297731,115.09875001199255,2.412766479082827,Insulation Failure
0.41758077578492836,0.20263263413534316,839.0977944225868,1.5819177042704842,Healthy
0.8791183075621647,0.5875858711094019,247.42175268452434,1.710461245806492,Degraded
0.9447320222914103,0.7011395944174736,203.00868878364423,2.1202553181526786,Degraded
0.4674015112498697,0.6801118854469727,509.86233673763786,0.54589595999806,Degraded
0.6134113892107077,0.4081516908666981,771.0596600488878,2.134985553550621,Degraded
0.16703394609207523,0.015394891691308477,71.32705339319804,2.0464628726802885,Healthy
0.9911686261369765,0.5829260568042631,581.0398404418733,1.2746177918831998,Degraded
0.2316717013834434,0.25310153917960876,128.01833841216762,0.7144857122487237,Healthy
0.9427317741351257,0.45025424614289034,46.09644031736227,0.7273386247826028,Moisture Intrusion
0.6496466489923685,0.9575810150838173,62.21651264059521,2.8080593674630716,Insulation Failure
0.6077367948788591,0.3990353176424347,835.822467126357,2.223198303064593,Degraded
0.5126885110165086,0.8398016066644267,126.79275879178095,0.8177565344268509,Insulation Failure
0.2306698117177587,0.18854060574925113,54.69985076816903,1.3918079232722658,Healthy
0.17652803200550826,0.6724604980250288,443.52088827148316,1.981207484753991,Degraded
0.22048620907017535,0.9770069544389435,845.5535372226045,2.5889292627266216,Insulation Failure
0.18643826214425452,0.10189310087293679,269.7842927244089,0.6091523217825213,Healthy
0.7795844735667533,0.008319942227192012,427.49549135065723,1.0915828286750222,Degraded
0.3501252591667301,0.43358279263261434,49.52330723811371,2.72437247573845,Degraded
0.05784267656339637,0.0926254830513672,454.5877289935271,0.5229138754595413,Healthy
0.9691026301408113,0.7483843496762314,581.8369498307624,1.0034977569847185,Degraded
0.8837858849634257,0.9145486638485589,575.1979832146234,2.897560439932415,Insulation Failure
0.927752283195213,0.43402097270875883,339.1024252526215,2.033504616305428,Degraded
0.9949078226464353,0.25871164215544096,322.37784885650416,1.154178416593766,Degraded
0.1738952492194873,0.4344033190066098,115.55738274723191,0.667477735989619,Degraded
0.39624201890265875,0.723447817850001,373.1303374398057,0.5704783511180553,Degraded
0.7582384757040913,0.009054161580370979,108.49972218423501,1.1118626990923182,Degraded
0.6960206180537922,0.5894539894846972,768.9299852649311,2.7037145489722763,Degraded
0.15389590633985506,0.6132916848873791,966.611554770704,1.5397841357437736,Degraded
0.8158331249906178,0.6376882468959355,970.3737121000398,2.3008334229149825,Degraded
0.22444057183666066,0.2420220799808772,866.4203883816399,2.7957125884498946,Healthy
0.22381761482262308,0.7140527233781268,604.784227846223,1.5201011540070415,Degraded
0.5369744228934136,0.0913914863317764,703.8570402714412,0.9781934275934927,Degraded
0.5929399348417032,0.1992703364668008,292.3537446536099,1.7927948271422987,Degraded
0.5800862078378112,0.8774700466544819,634.4627159708945,2.770209217649636,Insulation Failure
0.09148683739775487,0.7387231507265664,461.0930539454787,2.5109360353442516,Degraded
0.8774608626303804,0.013745554011345251,487.1971663791632,0.6645746084078845,Degraded
0.26560004258870606,0.2483762603698002,760.1987947714064,2.2314320001939545,Healthy
0.12951492128280417,0.21440648299316456,289.09917204127913,1.9297438061473844,Healthy
0.8887480798689772,0.2708063280369726,324.8592155775747,2.768657940866064,Degraded
0.9556514982297534,0.2475597702798864,925.3953732173503,0.8062035421257431,Degraded
0.8621276172654506,0.06252629574284574,65.66205190246252,1.8350902830116416,Moisture Intrusion
0.8095160747248781,0.45894051659682034,490.777955429207,2.698656733779731,Degraded
0.6552419806390217,0.7327334747861651,913.6727924037831,1.5250594668543576,Degraded
0.5508573706091393,0.6067317247174364,614.2593777399754,1.7049872943321676,Degraded
0.08698675991141014,0.6728716685980798,550.9430034700108,0.6761516941673957,Degraded
0.4084532130706987,0.08114917853623915,257.24673743706165,1.195359101122277,Healthy
0.372688517012314,0.9514907101767872,349.84273417380376,1.3112666229223684,Insulation Failure
0.2597537837603262,0.8384918338430248,853.527931646646,2.862806121862217,Insulation Failure
0.7234201136885849,0.8050903184956627,563.6259504507735,1.2066684013528977,Insulation Failure
0.4958757350787708,0.8229838050417675,519.5947718192122,1.65217183817413,Insulation Failure
0.08104621590764793,0.9327105081327614,108.58391640462864,2.1782610589106994,Insulation Failure
0.22018320194981134,0.5442539661136977,25.86787489057189,0.9054584310196935,Degraded
0.6832587636595959,0.2002820178676259,964.0483368001786,1.7161059678546862,Degraded
0.07613085949030018,0.6167836078525412,383.21630561397325,2.346347598689769,Degraded
0.8512069140487687,0.742881493667939,607.1809314785093,2.667138032567665,Degraded
0.4951465270139743,0.7379173933540254,88.91792245541214,2.065648186656067,Degraded
0.480586577326648,0.5214490241668801,686.2831428658161,2.17263378829237,Degraded
0.5924077846595176,0.06845871933357806,933.2410416189014,0.8157086814614224,Degraded
0.8246809659251492,0.3711129384301278,579.9086004674455,2.864441243115868,Degraded
0.34780920790219305,0.9207666084633573,134.85416915165646,0.8314351937112059,Insulation Failure
0.6780161525590636,0.584448909757426,585.904312198742,2.4366823429544957,Degraded
0.5657319639957911,0.5383319432557134,768.6837409736058,1.162040804445797,Degraded
0.2670282701694213,0.2688535143821935,412.3523712082785,2.833982859253129,Healthy
0.878629986355158,0.3684489199165789,881.0393704620532,2.299898848423699,Degraded
0.7974260216069281,0.8953460891531693,652.1961238237908,2.384534282445922,Insulation Failure
0.6584518346584255,0.6664630475268357,900.2564291063105,1.0476479326497083,Degraded
0.8505817290942419,0.7873870267523329,627.2702581348639,1.607599941587902,Insulation Failure
0.8672942009598024,0.45434542306765513,139.975092284776,2.0445329864732162,Degraded
0.7083629767150348,0.6302472194561579,316.5947939941372,2.424934045516502,Degraded
0.837013328363672,0.24838360874320753,209.77699876993236,0.7598984397809739,Degraded
0.6974714616692836,0.7054608302834863,909.7382327396937,2.905913291136321,Degraded
0.6801407717603004,0.4276013337033373,762.7960666146079,2.72555167638639,Degraded
0.6186113782151843,0.4425455148147456,679.634385220906,1.1758714762389608,Degraded
0.7527166395576412,0.6493223245768817,307.9566564353055,2.55690060758083,Degraded
0.1586051052930737,0.9362806214689267,192.2043243297114,1.7958098075995585,Insulation Failure
0.8808707591989284,0.06400634660862092,758.8865771090227,1.6545162039050467,Degraded
0.871843527745232,0.8247432373470076,479.41636642028885,1.2860852645285135,Insulation Failure
0.029247283034559146,0.2923831104121931,233.53165662912284,1.9524214665789812,Healthy
0.8258167505647627,0.4439194545063778,620.4557583836223,2.3247227942589945,Degraded
0.1288698674734452,0.021913328775008956,49.930513617067454,1.5273322624068957,Healthy
0.3351188542591419,0.30104607783431303,332.908551586971,2.0730479825207304,Healthy
0.7435082562916078,0.5026312426301305,473.87142464522327,2.2482823028882595,Degraded
0.1607598960483082,0.05617607734743901,156.47875076831178,2.277804542538215,Healthy
0.8179670241190622,0.49109572938316515,984.8079328149312,0.6299152453279506,Degraded
0.8321341779577419,0.9271106288584273,217.00639094371812,2.649369514212667,Insulation Failure
0.5074677337608362,0.10539321810780522,139.0495987428329,1.6456332869126198,Degraded
0.00638587171683358,0.7644407280755043,211.49952514802743,1.156040204240536,Insulation Failure
0.2870381331749128,0.40967105337599263,771.370521828127,1.104411268699204,Degraded
0.6169269183757422,0.655173714524338,431.25060267912437,1.7075352821098762,Degraded
0.9811861780274235,0.26023659798522936,569.7617803550127,2.717078848672398,Degraded
0.6318135270166684,0.1594922625413583,30.799065416497136,1.4458689542066172,Degraded
0.2598035810641598,0.16046261427122643,44.08699548758141,2.374314366958858,Healthy
0.6340057030996114,0.07049194564314465,451.367294328746,0.7420468274680465,Degraded
0.5399853797158555,0.18564670490124302,818.4886907696073,1.6901417553776543,Degraded
0.7798453951511436,0.6642193849889683,886.3864899204896,2.979215350981839,Degraded
0.10698063882695841,0.881690611843508,95.83950191968381,2.426094506980842,Insulation Failure
0.761027902502028,0.8141256855911618,542.9794710800126,1.0263212211015325,Insulation Failure
0.5412665786761103,0.6851343098744841,914.0973894164778,1.7536036842447769,Degraded
0.9629920038589946,0.11043186341110267,394.0930268539075,1.0840619091214163,Physical Break
0.3418721660386861,0.28918744629594983,831.2701731140849,1.5239023181562732,Healthy
0.6326218931339481,0.309806875322469,142.35869785544185,2.4502100593374116,Degraded
0.9320281055100175,0.24995694639762123,936.0405447711207,2.428062038226009,Degraded
0.10250972799067926,0.5150056597097231,753.9090843559896,1.070250944755963,Degraded
0.9372284872364511,0.5355538148796726,941.9210488590327,2.8055582953871503,Degraded
0.6878857223008134,0.3568859751711102,679.8510612169814,1.981420456912067,Degraded
0.0678370591051719,0.353789158736436,369.7698926794327,1.4498107274050362,Healthy
0.30096356694681625,0.8285555979060814,938.7993607994753,1.7548389519521517,Insulation Failure
0.7081720886452816,0.7892928483196856,282.8111085460867,2.0126781335943593,Insulation Failure
0.0673506014687717,0.30779583168074565,338.8507968411152,1.8997263296144635,Healthy
0.5821704601762733,0.9137884438732593,703.8003338217229,1.7160125888404454,Insulation Failure
0.34588305695295674,0.952815017002506,767.6631365301324,1.7623320102235003,Insulation Failure
0.6209155177674771,0.32674254203004083,930.1094490106623,0.9410297760697155,Degraded
0.04574203381251285,0.35442494879305486,212.7543849656474,2.5318322607616985,Healthy
0.8715368061523763,0.5056341534219588,800.0180548670318,1.8544007998525385,Degraded
0.9734889691773969,0.9411208125336735,741.1605928629938,0.8276996542617577,Insulation Failure
0.9688778552856915,0.8763194331423115,73.15661069106189,2.4153927539569446,Insulation Failure
0.7496518317429247,0.1025679625835898,393.3509097981049,2.831109945943377,Degraded
0.13008624013063197,0.3927307432714162,289.9378024894976,2.868267248092405,Healthy
0.7582631959290226,0.5533711897497718,311.4455201104901,1.422544331027932,Degraded
0.02458691645880151,0.50313247255154,983.1174107591538,0.838792183901885,Degraded
0.022123551528997254,0.19386306793689267,646.3496393451286,1.7959990665826628,Healthy
0.32361021914954125,0.8588167711681547,720.4993962155646,0.7815230733730517,Insulation Failure
0.48864319040466575,0.6769407829968374,976.851460941859,2.834968546281543,Degraded
0.7704074178077932,0.8379083748518036,383.4297646330623,0.958949068387865,Insulation Failure
0.6832953766065052,0.8587642793494722,803.8217667682778,1.1319146498779102,Insulation Failure
0.44590270637674834,0.7483558536657398,440.18565367145044,1.5165913172124261,Degraded
0.2736266662816659,0.43921060124971734,870.83833509683,1.4579111713978143,Degraded
0.9971245001577111,0.6105467550154245,188.85096589819014,2.4866572309947226,Degraded
0.42618130223597295,0.16036540611974315,948.2093152936368,1.640792051377406,Healthy
0.4513870243296755,0.6736454174749077,226.58399132677087,0.9269206500083422,Degraded
0.16362382119166918,0.17925325573928075,332.9583019111222,1.1680247387151852,Healthy
0.7948095487499294,0.6939495905101568,758.6303117657127,1.772783462968805,Degraded
0.6936822257814886,0.22959816075396866,399.8175901497526,0.8686347935653372,Degraded
0.2207696127887604,0.11755130015021997,612.1292629987822,2.0291391891150354,Healthy
0.0823810456158427,0.16528449014295743,450.1277660587342,1.9143682663778647,Healthy
0.6804993020747131,0.001992135219070268,744.946237718884,2.2867557909556444,Degraded
0.6545112142811352,0.7187396178535302,236.04793984492474,2.844261538448419,Degraded
0.2732595269982093,0.7324010490583791,67.87340736450824,2.780636402752889,Degraded
0.9508635622504104,0.5149333499132595,306.9301034983356,2.8651890451720785,Degraded
0.15105789178090023,0.1613628010553837,479.565578219746,1.1117889925592523,Healthy
0.4323348010426019,0.08355433751068975,176.33985167075178,0.8289132665983865,Healthy
0.9436159201675989,0.01912896643728701,361.2493167598248,1.2556917512411212,Physical Break
0.4197273169261223,0.1657481769652207,405.98318811063285,2.7377129319157865,Healthy
0.6385259476640855,0.8908555349831467,66.81792525139082,2.9301336865587206,Insulation Failure
0.3975943979627943,0.24153684170168177,587.4741757023625,2.64831237767619,Healthy
0.27421520234867003,0.35427132721721566,885.4999936915747,0.7750443028188589,Healthy
0.9839776479598282,0.10534548448133318,160.2254838235219,2.8685699951494827,Physical Break
0.409334006315043,0.22236130474817029,601.8299332674989,1.558395068376965,Healthy
0.8940992036791344,0.5192245707802051,668.0918128617378,0.5232757269058842,Degraded
0.22995460589108618,0.6077526830956526,425.14133361509545,1.605984351870484,Degraded
0.2131047040250833,0.24535231416621106,704.0866114906273,0.615172924188669,Healthy
0.03113408288451136,0.05773215922511721,416.6242280561019,1.8596948029027938,Healthy
0.651666825375885,0.39103286912739865,509.59091509766057,1.3463850685926282,Degraded
0.36852634372376114,0.23420337092633414,17.279514108882708,1.683587333985122,Healthy
0.864358249839637,0.21955392322980194,694.8029129933419,2.0329259018577925,Degraded
0.47320990669155716,0.9598628027134553,664.7292521552772,2.672002739544551,Insulation Failure
0.9681934279147217,0.6163004859257241,48.01686855308112,2.1547539411798216,Moisture Intrusion
0.18552551570312115,0.5568784431720959,374.56760632118176,1.5851221711954517,Degraded
0.8686231679556108,0.4157751035233219,979.2415223837507,2.5485696341759128,Degraded
0.7765968527917417,0.42894433343014426,426.52919694293064,2.7639553439328304,Degraded
0.770921844644052,0.5409050038380808,506.9259510805233,0.799399916080493,Degraded
0.8447832281168877,0.6964298070361072,910.8308565781214,1.8298324438819786,Degraded
0.7610239909429989,0.7021460961818294,720.0892571070989,1.2112798993561102,Degraded
0.6262203216314154,0.17169390770544957,586.2494298129814,0.6176529946923686,Degraded
0.13124487768238757,0.500112752076627,799.8266345276618,2.1713667377849633,Degraded
0.032526179491251916,0.41195809503410197,865.7226037914136,2.656926943648064,Degraded
0.9208478478156868,0.8705269662693842,462.3191910198942,0.9072566361934851,Insulation Failure
0.616650314520738,0.6314189212183764,480.357281282517,2.5310341440597512,Degraded
0.7965372909761763,0.5325040664159818,392.1904262953174,2.633489333842354,Degraded
0.4815223515125501,0.11539464217891737,967.039078618276,2.785851106666209,Healthy
0.11730818896239448,0.6056378893234114,700.1945917474469,1.163212722715131,Degraded
0.12518579220255044,0.11720390568023342,92.39083554599156,2.7598826629747233,Healthy
0.6855652872289714,0.33720657556575206,864.3300270798883,1.3016568868410805,Degraded
0.4303058948994627,0.14284196481433187,485.7543414279054,1.880845033638757,Healthy
0.20052472670033672,0.6920736470243689,78.0663673582626,0.6262686770807053,Degraded
0.4915945467414369,0.2062521138361526,554.220082611678,0.6097027209218591,Healthy
0.06420893707513409,0.391859373188026,422.99263618594506,2.3009330318305072,Healthy
0.5819714019143988,0.8956747776187787,878.9719108139986,1.6111999449444776,Insulation Failure
0.26899340443509767,0.2043163833989703,211.9546575732935,1.140730938423044,Healthy
0.7975591006371882,0.5078050639587791,828.1999633972611,0.9760337400622755,Degraded
0.31036195892357377,0.419271661166022,562.1118042735982,2.1748837271480452,Degraded
0.4552201490818012,0.018124041045729733,64.06420018133436,0.5010038600633497,Healthy
0.011620539908100636,0.7927581135728128,972.1268483122298,2.5147279229921358,Insulation Failure
0.07244688779455888,0.06904590631459973,517.489091662168,0.698124015324822,Healthy
0.3924935564066848,0.4742550209769536,297.9680856892667,0.9787240372702986,Degraded
0.4799388347171235,0.5606782949389499,474.7127735693655,1.465590988247724,Degraded
0.6000205481193037,0.6284264566145871,859.2792056823141,1.712146849290259,Degraded
0.29166257870930323,0.6886316293078756,311.85409314121284,1.3874877895348545,Degraded
0.6949818861265425,0.2532723835227151,200.74963252183332,1.3017804124607348,Degraded
0.8601223971892046,0.009978776658449373,137.78053446157264,2.909790030182971,Degraded
0.7798509888933498,0.723443662354912,304.88080440630915,2.1039492031084857,Degraded
0.039618825348357145,0.5356565993475786,782.2476061696431,0.5585823884184705,Degraded
0.48050694725782894,0.8361177032072488,476.91010154330905,1.575439771110783,Insulation Failure
0.10493017841817487,0.8213883629006943,235.20678765660458,2.6875217493599255,Insulation Failure
0.24204501586252747,0.8433261677878832,174.5231496136517,1.25364046602667,Insulation Failure
0.9866625932671464,0.48509465997954015,339.4021817452753,0.7363908619359706,Degraded
0.14249554290151323,0.33362839583686565,940.5251291568518,2.3959619289747947,Healthy
0.49888815345135606,0.79155820259137,349.59644546412414,2.0150345798402034,Insulation Failure
0.6181557343181191,0.45129411302925493,988.242835195089,1.9257812695662597,Degraded
0.702464970544104,0.1834421964034345,490.3781512077026,0.6339413990185199,Degraded
0.5596486834869141,0.8549740195614743,187.37227910724937,0.8512475244887934,Insulation Failure
0.00977084741918366,0.8825598767723473,892.2286908755743,2.0563734905327844,Insulation Failure
0.3264613082439919,0.4663097561401701,465.75181940347863,1.0195596036470895,Degraded
0.5177116433847114,0.07569972730978747,712.5746300694792,1.7601751993710608,Degraded
0.08786649914483335,0.38782608991693124,983.8744673770602,1.8622042150734837,Healthy
0.35062693120918076,0.8035376594626034,59.67359681677426,1.2087679756773486,Insulation Failure
0.033203108791366565,0.9017740285462287,105.72761418969147,2.871062888853732,Insulation Failure
0.07857849715502074,0.20347274249759584,723.2521740481286,2.6061602670889377,Healthy
0.39692327620159606,0.06697361202527152,289.0067532625173,2.3059337690819963,Healthy
0.13271575404306035,0.8773504531328387,192.45838298059806,0.6949846660235227,Insulation Failure
0.5675408482615582,0.3894049389788753,48.9682610215322,0.7653250482725487,Degraded
0.6894649691372657,0.5417609642675633,31.628244866339788,1.7319533646623892,Degraded
0.8005866991090829,0.9680658120507589,776.7407470885929,0.9017833729774642,Insulation Failure
0.2001502442448101,0.06656472791422285,143.0890930958545,2.945663658823685,Healthy
0.16748258225906976,0.6483180074520956,473.0434098114394,0.8963005850685236,Degraded
0.10456784033440025,0.07410542257486707,609.8378470276882,1.718669588659935,Healthy
0.6364302495436367,0.3754689284665004,434.06828256315777,1.4103026421037637,Degraded
0.7064757264869012,0.8038145451934468,36.835585812870775,2.098466053635245,Insulation Failure
0.03158614482564204,0.4334722327556344,785.6664875620297,0.8225910222235623,Degraded
0.9362122462436898,0.9971823539029504,20.40809229623695,1.5757910701059772,Insulation Failure
0.05197128365147241,0.5590592849466022,764.2709954337091,1.1867625820178591,Degraded
0.5412963353010705,0.3211621526359535,894.3714488502414,2.71937881167922,Degraded
0.7090605194509164,0.22011132590475313,438.51152184660054,0.6014642803367377,Degraded
0.8709691237460856,0.3505205342861618,540.1870483668202,2.7843187350161482,Degraded
0.7140869321324278,0.3725332737595508,482.2135586914772,2.582485346382501,Degraded
0.8017280830697918,0.06871367772396098,395.31653243720444,1.2439267911020386,Degraded
0.33945019254280606,0.36957419942677316,888.5502900166566,2.473226636692762,Healthy
0.8148251137465122,0.4642385197392249,894.9941755632906,0.5780339008468689,Degraded
0.08011484638467514,0.7227377522388047,342.45820099511917,2.917163875733484,Degraded
0.8948166560605276,0.656729484721608,618.919056474551,1.8164873564744735,Degraded
0.5475923761537362,0.7087656552291542,927.6384865244055,1.258202565163613,Degraded
0.8172977699624937,0.008363681876857099,962.4379139519381,1.4064580314866926,Degraded
0.45231828451830014,0.21766739958053605,513.869450017827,0.6660133836512434,Healthy
0.643577695196525,0.6616842883998565,458.2965572314835,2.973373785105098,Degraded
0.5264026609361132,0.48398936817974714,285.9073727692405,0.5982298628767311,Degraded
0.7315895217553319,0.005313475668345946,959.2831544585059,2.1372678078696477,Degraded
0.08162998203058958,0.8044946424318223,151.38616142813868,1.6068398192661457,Insulation Failure
0.0603520839905638,0.7728095732903374,584.0312802872478,2.8722905454717877,Insulation Failure
0.24710323401014644,0.5484191629935626,289.7247648434525,1.114999350766988,Degraded
0.15954468011318834,0.06646332577627212,286.21820744431864,1.8302170598450282,Healthy
0.8717835665922017,0.7665150495325846,410.9189015024266,1.7058905214568825,Insulation Failure
0.21921398735804432,0.583713587731364,998.8050064574979,2.2571661101252536,Degraded
0.9758652558191313,0.7819599771579592,64.41664377142385,0.6700255798810513,Insulation Failure
0.33689579177110685,0.7517469923958404,582.7564000214961,0.9844728250583872,Insulation Failure
0.18211791568869928,0.8030020719578371,91.7464364549244,1.0364120502321246,Insulation Failure
0.7896985071424791,0.5180080664046248,162.9756216906138,2.345376887104224,Degraded
0.6587077755008761,0.140324518193515,445.1673123551697,0.9728467408168502,Degraded
0.498195716453139,0.6711574733796887,515.355530032977,1.9337294097274418,Degraded
0.5553635509376312,0.6204737850519706,266.2044842808788,1.0381095512523841,Degraded
0.7192017782722638,0.7422531871990872,323.29255956567204,2.654062375209946,Degraded
0.22845474133129873,0.1698810060507353,96.09735005337373,2.8554636362240964,Healthy
0.9963339160567419,0.19497519990028922,310.18758600580804,1.7962324373556011,Physical Break
0.9747931621467831,0.8904095172193285,966.8928549867386,1.3807722105229456,Insulation Failure
0.6503256863469369,0.7499777984520708,945.2603078557569,1.0851444375437478,Degraded
0.19954245092914513,0.9082284887003229,341.52950723561514,0.6244525038076094,Insulation Failure
0.6802282424312913,0.7587153211639207,575.145396915974,1.1712501904937385,Insulation Failure
0.07219840897917584,0.5971553059903019,910.4994371998349,2.1355894498632946,Degraded
0.030652502205806065,0.6541327370278737,16.121984414487706,1.8340423282730272,Degraded
0.2576828885112137,0.88912792394001,812.576734634216,2.8601031957023184,Insulation Failure
0.4626229567393163,0.5788067545119405,948.8858572610299,1.4906931562292516,Degraded
0.8682725054083805,0.6323913243283874,100.41247699022149,2.2346583558209865,Degraded
0.727169069766308,0.15647671600360058,169.83320917259184,1.7233068686878035,Degraded
0.742706521199981,0.4739212201161027,961.1388397436418,1.781440539810529,Degraded
0.42549333444807536,0.716397111958099,542.1647422039429,1.1694357865102938,Degraded
0.3459349925469629,0.2709426983163654,24.054668127006465,1.6373769421049993,Healthy
0.3710387629846027,0.20225418052453492,265.05567877589385,1.676962492531768,Healthy
0.9876495637360578,0.31382680822441555,455.44423752617104,2.266606304372335,Degraded
0.04010919141248248,0.24150062799283345,695.97982191452,2.851599997965285,Healthy
0.8670314961224486,0.21491263703639585,735.8287743554316,1.3233031937062607,Degraded
0.5786754085723934,0.42485084286808694,995.4672977962016,0.6055011714532461,Degraded
0.43861541918959046,0.9078385138835341,294.63608738992144,1.7407378137515992,Insulation Failure
0.7252576604151365,0.5070596467387183,542.8379008497905,1.8611533303729215,Degraded
0.48666894142470285,0.18792038081532303,537.990312381009,0.9211013778297881,Healthy
0.8734232380816606,0.07697166938087407,411.5888068527651,2.4011615156901667,Degraded
0.9007018640112585,0.6961561451379252,177.470274903996,2.962322771103729,Degraded
0.4217209268734554,0.38279876443638783,977.6819975520041,2.8644367925211522,Healthy
0.2768277972350516,0.8218309465853593,854.7840147999202,0.9927650970591304,Insulation Failure
0.5923503285933622,0.6595107686407702,503.34969801129483,2.6884080997519018,Degraded
0.912363345616691,0.7962414505413685,607.2129684571895,2.2612340910292117,Insulation Failure
0.21066218900566658,0.27194603941844875,234.98844302406567,1.634616409517279,Healthy
0.6229665835634828,0.6923589224610581,548.3491996878295,1.8515274858118227,Degraded
0.6315602200925206,0.2640619846937188,698.0204317902611,2.624000437456145,Degraded
0.733113022415281,0.9390684794502916,520.015358102723,1.7003373490959328,Insulation Failure
0.1315676851272598,0.6363742815333744,990.3823188790918,1.433018422762817,Degraded
0.7158249646820886,0.3245118001753421,615.2282396852489,1.7331187325649644,Degraded
0.909032520665641,0.26951186229227264,377.26397546624736,1.9478245100876228,Degraded
0.17968310887024197,0.1909265850716435,774.4305073396797,0.9726941344458722,Healthy
0.23754332492387764,0.6946409588937278,178.75788646582564,2.7522693256674766,Degraded
0.9713950940416396,0.2187156129979273,390.67065556920386,2.1854673720740347,Degraded
0.18097695270948977,0.5953032659274891,353.48936087380997,2.083172293343722,Degraded
0.8543850933695791,0.26463502692535734,437.4890241566995,0.7487405654515953,Degraded
0.4922778564480348,0.6619689447938686,783.9620276694391,2.0104348454314795,Degraded
0.24723107440317704,0.8149397285405392,489.3313018417734,0.8024016555962308,Insulation Failure
0.8707499012725114,0.7780252431446532,796.0743057633031,0.6967441879884977,Insulation Failure
0.4453052550026655,0.7608513309307817,580.7240141084673,1.8182772391059832,Insulation Failure
0.5148173539296902,0.18772240569225207,348.6487403109798,1.5069638351162373,Degraded
0.3592333693997657,0.08838494698451871,811.8789562466377,1.972025675390558,Healthy
0.5929508514349274,0.6989488284873856,245.90677384756066,0.7230554201430965,Degraded
0.16352387258502277,0.3683472137943513,232.13915000179753,1.577457657118146,Healthy
0.3910815366517607,0.4323462264033473,509.4578948142874,0.9369667876128949,Degraded
0.9694123223352875,0.031149092793391064,268.240753502468,2.9677502148102914,Physical Break
0.25813343270112754,0.2595764492750492,18.99616460170416,1.902875531087936,Healthy
0.6567366645412922,0.03367640387446402,651.8145520258136,2.2185921523521683,Degraded
0.3251900642246949,0.8791857726012476,515.9828832576741,1.3135457017065195,Insulation Failure
0.7734731256866006,0.24339668321853047,451.0626363482296,0.7368472869483604,Degraded
0.13087366071834983,0.557337169573008,967.2988294721322,2.9396771569588416,Degraded
0.9698210450785447,0.03897932066113041,575.4871921232846,1.215647588457958,Physical Break
0.45378954138363925,0.6668473913056581,864.7972620114907,1.5595204629339356,Degraded
0.23605046334646396,0.32302734575409386,148.05573384310858,2.1246598042564377,Healthy
0.07349674733001266,0.8979191869576658,573.5143984981335,0.5617432442152782,Insulation Failure
0.16975790508754074,0.8881181889340358,869.2998304635938,2.525647826293217,Insulation Failure
0.5197739485560177,0.3252906183617478,587.274699707099,1.8414454750715508,Degraded
0.3370031764312863,0.9009608956904679,720.8340363457315,1.1955429676720555,Insulation Failure
0.8288833658826095,0.9961576734987788,378.3231321340853,0.6540199632311732,Insulation Failure
0.43088752366180594,0.8254156641239481,101.52502186669594,0.9062460386861035,Insulation Failure
0.2487142725876299,0.844871347755229,463.3212921758007,2.737584647133592,Insulation Failure
0.61714498660403,0.2490087361090899,400.5345969304689,2.2150605598397277,Degraded
0.7067772168854458,0.5767023988577563,868.3895805551579,1.1247543040922245,Degraded
0.16704190790094986,0.06725591396736785,251.55534932894753,0.6640019123625738,Healthy
0.16761921628831766,0.09491793682166971,967.066885259757,2.226538280966591,Healthy
0.03667142693354297,0.9988926120332906,958.5567386064512,1.9310193149194128,Insulation Failure
0.7364020150656405,0.32663924942591094,255.15532664072433,1.5112988111455876,Degraded
0.6638045276218051,0.7481839120488464,354.57143592254727,1.4090286229751596,Degraded
0.4746308757498139,0.8066650530268165,896.6001834651462,1.0420356898227707,Insulation Failure
0.8441704489691971,0.8580232710072292,966.9559986871465,2.1740281413437943,Insulation Failure
0.8056701529500532,0.9976282974021565,449.0047118076836,2.9266700694846763,Insulation Failure
0.5853543643967521,0.24149648525686784,327.78707518448886,0.9392881145920646,Degraded
0.8682712805132586,0.04035082685969971,530.8330731190266,1.9927915500387585,Degraded
0.20584121003676825,0.411191517994586,690.8915143020774,1.5604626393649406,Degraded
0.11191961939772788,0.13008066982894695,280.73977022123,1.6167218043616622,Healthy
0.2697496115169896,0.022425889162055124,739.108442872882,1.135368200319536,Healthy
0.05708685608931485,0.3604268271414861,61.14078354349462,2.5628371891535475,Healthy
0.531169528001032,0.7837382510752364,58.80154783677228,1.7131390103681028,Insulation Failure
0.9366056922949615,0.5661806912250709,392.4248280940898,1.8585146304956601,Degraded
0.03934354066850965,0.31277798921035405,359.93846014011336,1.2619022819933143,Healthy
0.1221099140100268,0.6543420054927197,322.47688321348073,0.9545211641673743,Degraded
0.4521990282834353,0.23201818030881072,496.10956504222094,0.7147759705070512,Healthy
0.9338750175279049,0.014381446072085025,327.5262464884555,2.28529785231229,Physical Break
0.3161561049767505,0.7643533864364274,200.335339283411,0.9905857042196391,Insulation Failure
0.5072348086883924,0.6237430848640091,316.3748535977149,2.225188385471994,Degraded
0.0415728590503921,0.76230262450096,975.1552300821326,1.4759411151173847,Insulation Failure
0.14834320096208886,0.03893801668766561,417.00228282490013,1.5394370024741286,Healthy
0.9866301229588469,0.8371196278306522,450.2656490897524,1.6729437402319292,Insulation Failure
0.9651186964360455,0.6195262000363033,580.7795400516286,1.419271270318858,Degraded
0.004939980934409616,0.5633953507126401,983.5073607300843,0.7515499430564752,Degraded
0.951811785423239,0.6246140481145316,249.18526367140538,1.2740795250071144,Degraded
0.6391199378155004,0.8644332468683641,684.4692894271095,2.1593359017348464,Insulation Failure
0.8679182945200221,0.5869365065589071,718.8248466063069,2.1644610036721774,Degraded
0.4547398556338591,0.5809503798881793,611.2511726251353,1.2155607680999858,Degraded
0.5155960285792502,0.9906791570657658,97.69255624027764,1.65025656639422,Insulation Failure
0.4888465802569202,0.756730167068568,680.1035530693007,0.9836180700298437,Insulation Failure
0.6668642575461043,0.4422938054511353,73.45376392581372,1.0259302038245894,Degraded
0.1396512547563129,0.7073970000329277,600.181223054398,0.5576177210165185,Degraded
0.029973589872677953,0.3892304716917885,742.1853654495252,2.7418663747693617,Healthy
0.3079299415911909,0.228875462483499,218.8601917137509,1.0267666626872656,Healthy
0.7046807627366467,0.5968518768877594,843.2057874673463,1.0688346923411582,Degraded
0.20185345212294836,0.9281820981139515,40.050267477674225,1.1990035816128295,Insulation Failure
0.6734324333249173,0.9291395200154627,845.374735021723,0.8185201792385726,Insulation Failure
0.9699120461072704,0.3419052781054903,465.72576013633744,2.098157207953407,Degraded
0.09390071578941839,0.527677466221695,225.41206053232804,0.6878573829439665,Degraded
0.6726021182251263,0.2116358985698612,142.44036354402832,0.8355060658158757,Degraded
0.44375021930457115,0.9956311094988834,953.7740959065488,2.1118918164752323,Insulation Failure
0.8681422543775054,0.9811179078679357,81.93893170534514,1.3491515512036067,Insulation Failure
0.1771497894473859,0.6495089297074473,207.1024857365664,2.2698695667529725,Degraded
0.6926259522261645,0.8044140596774734,354.3441239587155,1.8935618616753551,Insulation Failure
0.8381152896481102,0.7151001612837,624.0325004715093,1.1400529326537827,Degraded
0.9446142194740232,0.5931582190394682,549.3530744233374,2.12706987622332,Degraded
0.6832480282896458,0.053347996988897695,134.38705748819086,0.7906842007322017,Degraded
0.4971747640084273,0.45476434255266107,296.8307039008325,1.841025957700076,Degraded
0.6178472402012138,0.6747863021674105,246.36425337516383,1.5928702626125866,Degraded
0.8689049844787182,0.6775316138836847,221.40742594543798,1.169683957043602,Degraded
0.5706097466388297,0.3731226184223836,417.03289311518716,2.01001249434875,Degraded
0.03038705969683686,0.9416919866580306,706.9911380657403,2.6783339808507063,Insulation Failure
0.9309486955069778,0.167357032236781,225.27840289506358,2.997261749407692,Physical Break
0.6895267510315611,0.5003594462155606,373.0120909059516,2.019406921858561,Degraded
0.6765133857772465,0.6908839765508228,397.0082525727506,1.5117646858229254,Degraded
0.21567515239771717,0.6971358058918092,976.691964141056,1.063017750540504,Degraded
0.6588854702326572,0.6486389567688156,955.1196933102782,1.1427402234877793,Degraded
0.3938644056541585,0.27528821345186016,802.1362069245552,1.6986374453744142,Healthy
0.6512329770414921,0.15620656868662197,249.24233161099332,1.418194253201773,Degraded
0.10659303030799072,0.6359403268267109,77.35694095075299,2.7845363065623605,Degraded
0.657845304603036,0.5993021161394377,323.7350963434185,1.4207386691392738,Degraded
0.9994137257706666,0.17935601028924097,274.12660393949255,1.4336114778635887,Physical Break
0.04821203886055603,0.7051391455705633,510.86654214492995,1.4588362810849425,Degraded
0.9771741842213173,0.4551719917336564,779.9506309671151,2.5915505259191454,Degraded
0.4069079607228706,0.6677605916031529,859.7397094900695,2.1269708021172544,Degraded
0.8707534503372591,0.8373670797701507,846.4154445564034,2.035422125797232,Insulation Failure
0.7823854840582735,0.16972842857692316,366.0788056108371,1.3353575559596553,Degraded
0.5670162609866678,0.01914486799683668,690.3620000260761,2.5447604420810985,Degraded
0.7384492092513265,0.7791025863957868,319.7058555489778,0.5959096533892528,Insulation Failure
0.8785155613013479,0.6096974251526159,70.29648780283088,2.676992930845283,Moisture Intrusion
0.404140321651033,0.6996395696221217,704.5496129469129,1.781874749484824,Degraded
0.3270331615632387,0.8381549749886426,19.72927704408997,1.495625587158532,Insulation Failure
0.6675933855635847,0.8028109348245005,415.09076158390366,1.7429182017942142,Insulation Failure
0.8078459419412586,0.9609201469288247,336.085476609055,2.1685388263345775,Insulation Failure
0.7622851347766157,0.5359350788521182,696.4437631336639,0.5319135662947434,Degraded
0.7978136488586345,0.48849563265990537,768.5830180327752,2.6788796411456195,Degraded
0.435583314812933,0.4018871998907301,311.053689611571,1.616848813278482,Degraded
0.8178342161750216,0.15369104284420454,813.510744300405,1.3574162992501955,Degraded
0.12020905537060844,0.5726072328820224,300.9775928998844,0.8456139140851427,Degraded
0.5444890979608495,0.2770125243259788,451.8630963866956,1.5986634358961054,Degraded
0.0057586604981215705,0.9213075122129755,729.7483417439926,1.740806928210947,Insulation Failure
0.3245858299002703,0.5831908042770976,695.9910269325406,1.5091167362336946,Degraded
0.3664615348713979,0.5928401805081102,987.494787589078,2.196650234567243,Degraded
0.3961726916092554,0.35492466087701,232.90941397377256,1.552241321898065,Healthy
0.6954672066898622,0.05198935197770749,665.6947344041865,2.9035439446164335,Degraded
0.38855810127034573,0.03174376537298862,613.5850891930196,1.9981937945589796,Healthy
0.44869362262253065,0.4233351441531975,915.9474699451296,2.5186948391297723,Degraded
0.23754413087432746,0.08456537809723785,164.7985202284263,0.7733897577736971,Healthy
0.3732517916293401,0.6068469555401391,754.2801819510636,1.4932282323647643,Degraded
0.22726962726315147,0.8809730056396574,572.5859301060807,1.3421192536178816,Insulation Failure
0.07319592376844364,0.8829148165187222,281.91921109002635,1.9237059703414796,Insulation Failure
0.6034485933813779,0.6590454101322324,479.69056500570235,2.652783800153564,Degraded
0.6682127985550163,0.211231831472931,340.4388310990998,0.6958455444050167,Degraded
0.6194903460096145,0.8629968313588721,583.5202687605763,0.6814369951117769,Insulation Failure
0.46349404380057235,0.8860934353132082,890.1106047065192,2.6257942703939974,Insulation Failure
0.3797857801792298,0.1966535849529587,573.61193456808,1.0321252150958935,Healthy
0.8633336495718252,0.7374260857706773,635.4051941433182,2.171883136124534,Degraded
0.519081785136218,0.28651954892712295,523.5603686435624,1.8571953309020128,Degraded
0.47918187762973097,0.8026403123529297,60.65385138102115,2.5822339872180735,Insulation Failure
0.025642065806435688,0.9972378999036027,240.5299713073333,0.8127222745910088,Insulation Failure
0.34124782762615635,0.030026005329392813,497.08171213776194,0.8244574143065282,Healthy
0.38019561878585706,0.8973658657909319,317.13293090725773,1.8920459006957688,Insulation Failure
0.3988227808969005,0.622630533598658,189.94596178358228,2.8659466333959274,Degraded
0.5801723692273323,0.9733826191648212,509.09151349925395,1.5374943959268856,Insulation Failure
0.5336025467268785,0.4650095175264276,329.5816955133718,1.3173552506367374,Degraded
0.6079050927934446,0.8473879305713737,265.52656674168054,2.0167233079947144,Insulation Failure
0.7648832615421283,0.06239406859827723,469.345563265977,2.826121501362578,Degraded
0.8129857387160935,0.3352790500782957,141.95141550135142,2.592319582111559,Degraded
0.7181230762264944,0.06701653775120997,928.4682757446533,2.9887090268330496,Degraded
0.9555236959549347,0.9753431334790705,869.0250769400467,0.5564214580059428,Insulation Failure
0.01823258267636163,0.8169739072718367,710.54437988313,0.7821453617819056,Insulation Failure
0.1957779856835461,0.8525474212459705,115.15168931257165,2.0236694084165547,Insulation Failure
0.00756287497814212,0.9379652314338942,778.1184819249961,2.5514410983346245,Insulation Failure
0.647474714154603,0.08510348611978535,809.8777548279288,1.2131108557669164,Degraded
0.8980305489499869,0.38559759251333336,770.0869715371944,1.0980277200855468,Degraded
0.24348229657629927,0.07103488904400213,122.82622824804875,2.467439498453002,Healthy
0.9270345447963066,0.21079310155002862,647.4688774970871,0.640954634633079,Degraded
0.06026739028956085,0.22936577703767236,835.9815477919045,1.4234566189564628,Healthy
0.9344360268055143,0.4691072110475787,581.579867207471,1.7645230564808243,Degraded
0.3516226872396344,0.2685621674536426,649.9433014758081,1.9008716858758086,Healthy
0.10142082844921652,0.10097810681776109,463.77984463204314,2.3215378919819423,Healthy
0.48587175918632564,0.1674910890941077,533.4202466852121,1.3871143085766455,Healthy
0.25677656772050794,0.14727556355209093,44.033089768207965,2.031710861686518,Healthy
0.28487290196192283,0.9730767979122983,642.5733917535517,1.963438556977391,Insulation Failure
0.3072899649262866,0.7592925069184736,90.63274076224761,1.8690402516343678,Insulation Failure
0.8030258978326634,0.967761465269562,440.6644483968212,2.1012082328555306,Insulation Failure
0.5391612766752545,0.43974048650790853,299.72854669073376,1.1486229276701907,Degraded
0.31130769915600365,0.2783684816626566,549.9736707095959,0.7116218839615724,Healthy
0.6103337833109184,0.7982931972091867,142.08217216797502,0.7981791800993585,Insulation Failure
0.7161506742231936,0.3262539180411468,694.726967953585,1.0614559566347528,Degraded
0.27262400073353377,0.2993833737053483,797.0614215591856,1.7504948388069632,Healthy
0.4135491015253515,0.2325059922078312,171.72090524572494,2.6011068763650504,Healthy
0.12188609333694755,0.12967897822423535,113.26995647836334,2.25323335522096,Healthy
0.18114934953468032,0.25646306101676597,154.06032795948556,2.472601510505118,Healthy
0.6811178539649828,0.3553197484738877,878.3562862795167,1.3774390598152284,Degraded
0.18143834769562694,0.6739942081457304,532.9073691387927,1.5116343541213755,Degraded
0.5251633836670602,0.06256484221945158,472.58838604742755,1.484204714976532,Degraded
0.7090462617224327,0.21050693966534295,115.64470091133073,0.9796829610112539,Degraded
0.10687692309474384,0.8090236402916764,653.0604466893922,0.6530416453589301,Insulation Failure
0.5673122196289035,0.14692192358377076,869.319595976139,1.977290232068067,Degraded
0.25656278370136376,0.34264514652252154,829.9040106302184,2.9730417085514653,Healthy
0.9629268752375798,0.8646589218581401,629.7941618909932,0.9170742623756571,Insulation Failure
0.4835456467199247,0.15492531114344266,84.5259294851569,0.6167120497481844,Healthy
0.8059925497751581,0.0827368356181899,121.27305690425284,2.448829204559832,Degraded
0.5502265421562618,0.48453799508001083,58.81589723872643,1.1314650167118105,Degraded
0.043412532854819164,0.3024195112785364,264.9044243275446,2.574109513382321,Healthy
0.6331513755940223,0.5634083644838541,144.30485248877397,2.2598416675862882,Degraded
0.951403342206657,0.8038048904834751,267.44755984990957,2.8641838426270114,Insulation Failure
0.6016118201463312,0.13714848815274316,391.20747516177204,1.5223180893916801,Degraded
0.8191888594267902,0.580699084554285,943.5529562304243,2.1549245986265855,Degraded
0.8842064633484078,0.5055087603898639,614.2722991838751,1.6621369520331768,Degraded
0.22807977194893247,0.14407878601319957,836.6240478261327,2.076471743271359,Healthy
0.21204483990822665,0.6239984855289824,713.2479857052089,1.6239972650193433,Degraded
0.6109809888509917,0.27364041786077165,121.37809922136543,0.9715806160601871,Degraded
0.4110284698067047,0.4878343185440125,738.5612023102094,1.7697435400084522,Degraded
0.8398613028667203,0.08227232427706188,282.3478927435332,1.8214605035936058,Degraded
0.9000231233980112,0.45958405721362305,642.7167685247593,2.5265096206504025,Degraded
0.3534213793027181,0.3064634680428203,347.55235390655866,2.3388017644839527,Healthy
0.23687055897448206,0.8223812111853543,997.6955406320126,2.15947905985361,Insulation Failure
0.7805255152438618,0.05697872699736828,270.91596470181,0.7834677388814313,Degraded
0.2748060355481361,0.41860727491832994,286.33916606652696,2.3015407266592876,Degraded
0.8226143185136784,0.458431424131438,931.3655330067743,1.750762890886287,Degraded
0.42373825364876283,0.7250060762991187,34.39796058995944,2.735248840265398,Degraded
0.6675498992914705,0.574287575090211,699.7220979944649,2.799677335326357,Degraded
0.09553531383466818,0.667212337194181,728.0731268285193,0.6378914765044637,Degraded
0.623859324676573,0.7770492856517561,838.0147916362954,2.551603900886197,Insulation Failure
0.4517676787372291,0.8622029736581888,974.6949175320906,0.5942434760566766,Insulation Failure
0.5866084631754741,0.3138754967224705,975.8458999650859,1.4179240642375566,Degraded
0.16801420774486342,0.538022705363903,74.62398999079926,1.8557499390526977,Degraded
0.7368737449441821,0.8401080784391999,823.6209295253735,0.8702519965678186,Insulation Failure
0.8627970775432285,0.9894511309650564,649.8468343208075,2.365784531422692,Insulation Failure
0.21673980009077565,0.8895193110437631,650.8687130293603,0.5208867604303464,Insulation Failure
0.09571455552016173,0.3714672626243768,137.06642734854785,0.921497621085092,Healthy
0.023638586046336396,0.19516651721865041,653.6852947811968,1.9519920746336892,Healthy
0.641971500443266,0.4893925374065887,982.6577547952353,2.285968905093231,Degraded
0.6070940360887808,0.7416414518360422,912.7003838440525,2.7916077567347903,Degraded
0.54669741271407,0.4925690707532976,444.739354196802,2.2637416298365594,Degraded
0.23194709611597542,0.4831808633136685,49.5484935532334,2.179448175637165,Degraded
0.39090599590551467,0.8382304210818006,368.67055510020276,1.4858528658766608,Insulation Failure
0.594476335186173,0.36140377906718635,828.1264084845496,0.5032110638170035,Degraded
0.4967668588591694,0.8597946748116456,704.4841104505143,0.8003981468390549,Insulation Failure
0.9877855202148873,0.40680480095172356,464.75021903801684,1.836386361890098,Degraded
0.13643975255673313,0.3282331056783394,64.55051980724278,2.1878247146110494,Healthy
0.6951445540475938,0.453989911199699,432.6257805450696,1.5436207097411563,Degraded
0.4043187681042921,0.7624469586748684,474.3346903207047,2.3266975288209757,Insulation Failure
0.42819961492561476,0.12600202786399428,929.2699775651946,1.804655738330447,Healthy
0.7175977656581762,0.19641921587201738,644.6752425463378,0.6854404889857806,Degraded
0.6924361513243696,0.951444825663092,318.5363874881024,0.9800406274198721,Insulation Failure
0.9912559937021883,0.17549162738135737,530.0650818062142,2.5999955581098573,Physical Break
0.12839428945412523,0.5677273179310546,75.39475474393846,2.312281866561099,Degraded
0.10410964938416634,0.5793144666619379,972.8425532932395,2.7369049675312374,Degraded
0.7243388171287412,0.4896244620502448,366.4593029114188,0.7938931228023414,Degraded
0.5783869170064091,0.6447452485768186,483.08868136400446,2.975556336537685,Degraded
0.27416066655980587,0.22982672579761843,361.7311344945534,1.0235167848748339,Healthy
0.0794193689889866,0.5526622677767482,685.6866128150382,0.5294496907166051,Degraded
0.08565824959643054,0.37217325524689715,665.6098367462971,2.9935573476338853,Healthy
0.8941908746641183,0.661667259629189,718.1690874238443,1.2026847136127827,Degraded
0.1918673247187429,0.14122354337314946,275.4617973158016,2.1700486312814,Healthy
0.32337156211552076,0.5708774168394762,322.51179635242534,0.941705785440763,Degraded
0.22665640222698802,0.1852703553833237,133.99871878524587,1.9505713304978542,Healthy
0.3549963058319373,0.2786430631150364,658.9548721276515,2.7600874661363983,Healthy
0.06942384274609337,0.21870980032358323,49.39915606229602,1.3004529185710965,Healthy
0.5190597909082704,0.1828377798688171,601.7055121682245,2.175634940110898,Degraded
0.0676125635922149,0.825710951560667,870.9989260031175,0.9697589719960413,Insulation Failure
0.8003565078223616,0.28570756766089034,891.9238268067372,2.061988496796813,Degraded
0.23371208191043302,0.9271237818644493,454.54738276626205,1.3411258795437755,Insulation Failure
0.5400119146045106,0.9699265253451909,464.71065133094305,1.0280206464698791,Insulation Failure
0.8800790875614583,0.5712604699370973,86.19949117793719,1.282955126759088,Moisture Intrusion
0.6508773690471942,0.1430011226657264,674.0573751886054,0.9471026712694983,Degraded
0.5329577865513353,0.37454824337958126,823.046826169117,2.754790269594707,Degraded
0.3243337531153756,0.797732263348214,252.2085040586659,1.492967215792822,Insulation Failure
0.33300191305819793,0.36739072869707046,427.087872817031,1.1131982624359185,Healthy
0.6694869551981901,0.08701721830278875,840.4509433976176,1.6210196025398322,Degraded
0.9941393612211675,0.5567849109281879,878.3492629856652,1.3013404170162388,Degraded
0.6618391898493786,0.8451208514960348,250.74818046158367,2.361048134533315,Insulation Failure
0.5577834173700249,0.7959263871435024,555.0649281959506,2.928049779713736,Insulation Failure
0.7306505102392461,0.17512314013035324,200.5682191294688,1.595084141744117,Degraded
0.46520561228371815,0.6727646144124667,110.85997649816098,2.652583499930601,Degraded
0.060142342600785215,0.2205042634356471,912.009296378038,1.9146576838990488,Healthy
0.5622968158779098,0.21820753455217223,822.3024291897881,0.8930891627355837,Degraded
0.9576252845053802,0.8740717733051852,762.4345527851422,2.226556855203354,Insulation Failure
0.17530294235765964,0.24966895274023015,58.278655625009016,1.7835862428145504,Healthy
0.6900048908206657,0.2632473465180112,845.2915047831549,2.1265163081302587,Degraded
0.20093368865905648,0.0006533907612995549,443.6636351463299,2.7242185314291625,Healthy
0.5358276844730813,0.8706690341255177,348.971172062901,1.6010864266401152,Insulation Failure
0.09667644964671962,0.7925948132091347,551.0115974151227,2.752944058043389,Insulation Failure
0.45037093625818514,0.627328935090678,100.43971029632027,2.376672535704137,Degraded
0.7561633288952461,0.7502657639388423,759.0800838588749,1.7215123146949618,Insulation Failure
0.3475715242389821,0.1520485674244918,586.6107261194129,2.008055339144909,Healthy
0.664911724487218,0.45832359458757543,194.72419590443585,1.3139528312975286,Degraded
0.7954499607897292,0.3512193873487809,196.34987777135512,2.9589932493469355,Degraded
0.9271778194794527,0.09377652625701649,192.4061650569475,2.16837790762599,Physical Break
0.23464208185545354,0.4861304852149241,66.43236367641464,0.6096171312415748,Degraded
0.39931591580930814,0.9207396503426354,591.9204648779679,1.316554764370022,Insulation Failure
0.15241601333041743,0.04005911905069448,841.944695812623,2.058286084397644,Healthy
0.9924835021583752,0.2914609134937939,27.323231847514712,0.6408331944980995,Moisture Intrusion
0.9270009679242953,0.20754093620570346,58.51459852156081,0.5597104782978569,Moisture Intrusion
0.5399571302805596,0.23814665366569632,577.0425739200764,1.6250605988195064,Degraded
0.8420332943764213,0.9084345518793753,821.3007285321918,1.331725449231675,Insulation Failure
0.5209579772720422,0.4680690542342901,333.4715016629473,1.5957465200829146,Degraded
0.6235856880027597,0.4662994129398188,356.11825481964496,1.156733274700013,Degraded
0.08912443211601662,0.7605756424552823,600.3830325218082,0.9117943673574522,Insulation Failure
0.7552704204968079,0.1544922040049258,281.4707602329055,2.2228583924508443,Degraded
0.12771348363523483,0.4872653541000508,36.34228241690729,1.7864277906695012,Degraded
0.8260676302525284,0.4299852141210597,737.8762329205802,1.000385528123417,Degraded
0.7820280876703859,0.5969106905466561,629.3934138120386,1.2989735656499959,Degraded
0.7087446977429764,0.9995577032504386,584.9484390651025,1.9795197691583148,Insulation Failure
0.036160380524762115,0.7694488940820471,744.2672877019049,0.6805733706811946,Insulation Failure
0.3031283559453286,0.3978657030174272,678.4785291864172,0.8686325231654488,Healthy
0.26311256991084286,0.827553052274047,213.82316829653794,0.6831140102684753,Insulation Failure
0.3601364074715191,0.17070836331248018,358.9562364739176,2.530793331785297,Healthy
0.08764274676383854,0.030463686308960125,134.84904026183875,2.381023083030023,Healthy
0.9369578230310628,0.20444837246427305,138.55844328370222,2.383282329698143,Degraded
0.5538022407123763,0.34041155611425966,679.4337888929738,2.29081335869007,Degraded
0.30552431065802355,0.5105807574595599,860.0141059126732,2.1734635591746727,Degraded
0.3969815170742834,0.6151291405411998,963.1052580225277,1.6924797884454374,Degraded
0.44720254050483565,0.9106057172144217,632.06364637395,2.1056954087677875,Insulation Failure
0.6005943333606173,0.5098540095504577,192.2603101273474,0.5959038869699367,Degraded
0.5156794276964978,0.5012756446257294,114.59384199444139,2.0536610566419613,Degraded
0.9193919732144173,0.05024300982298213,814.7224618213902,2.4446942638421927,Physical Break
0.49696348290583026,0.03491155265622381,582.9689115963993,1.7508959009609755,Healthy
0.9921580148233127,0.5511599619163721,622.1021708035827,1.3937833210680923,Degraded
0.8514249577450957,0.4381786132483445,783.6474678671622,1.193566837002448,Degraded
0.2085105143573358,0.8391803949802986,706.2444554551271,2.1070051254052062,Insulation Failure
0.9305952146439163,0.16067958471184518,836.1136703275357,2.2320029965747716,Physical Break
0.11636639788547609,0.024971662117049598,65.65176640527969,2.677418999656356,Healthy
0.8174497084911916,0.44903876793012587,750.0454303790398,1.3558352061524768,Degraded
0.3806232934765801,0.23747855675225749,852.3442297488745,2.4244307684639637,Healthy
0.8779743204450695,0.04961437333883745,293.2736920337312,1.9033895604733448,Degraded
0.8680566901074503,0.724598286847629,644.0428012533204,2.707091226695198,Degraded
0.8059254001176211,0.11159299995724747,321.0204431986024,1.819530270739052,Degraded
0.7900304363070614,0.6083195000077717,958.3913558176295,1.7940745709949182,Degraded
0.3046791390980408,0.28104975016688916,43.08933671114872,1.9446927036022728,Healthy
0.08091928305125218,0.17349605035502202,583.9949153946255,2.373288387856086,Healthy
0.40298017876516146,0.37975152291931746,174.83851157901995,2.911726197071152,Healthy
0.17352451498650867,0.8014457762229537,715.0980031253871,0.6839083855394141,Insulation Failure
0.6949510889024617,0.3920935769045727,184.13138058447547,0.633586505977543,Degraded
0.34609972653778553,0.7507696492110557,243.029429279374,2.8438758435183464,Insulation Failure
0.9756102008599149,0.1254862967991507,499.4271029353005,1.8246890637955153,Physical Break
0.640972077345332,0.7727714196650791,915.6866004969094,2.03725753641734,Insulation Failure
0.822480563634361,0.23693332490664865,219.59722842649114,1.7060590039868222,Degraded
0.13252467274184843,0.6773931298888728,152.79762090692248,0.7341436315186862,Degraded
0.8620144822726226,0.5657815548409963,761.3870635354904,2.4202234460466663,Degraded
0.9227571905133943,0.9291447172116873,505.61333701059164,2.3680616127214673,Insulation Failure
0.4870619188189359,0.38732251797531403,912.6672612579537,1.27925830373203,Healthy
0.6062529377509774,0.06616518883444045,155.14841158824387,1.265598113071001,Degraded
0.7648098009029954,0.019155485551252904,649.4686140928089,2.5946034522637964,Degraded
0.17483862726041255,0.8268585609727531,240.5503546902969,0.6808931443533166,Insulation Failure
0.5025660764634424,0.5247356376614322,165.1928243651229,2.7027628708914144,Degraded
0.3986630277723131,0.7752440518349493,686.5951210056978,1.141654224739786,Insulation Failure
0.1463739921622491,0.2344256000115147,597.7477737096459,1.9824618693887348,Healthy
0.36753442229153144,0.34508374551323373,757.2791837787079,2.839985447504444,Healthy
0.06817230938549357,0.03010387221131894,316.3679506817205,2.195306253841616,Healthy
0.025811906949486985,0.9614923245741122,453.49193981836805,1.5360745311675914,Insulation Failure
0.13516628915482276,0.6678679067008134,411.4169595671143,2.223835522263538,Degraded
0.9631151115891738,0.9332050877593062,984.2485693268491,1.3599490907909255,Insulation Failure
0.549529535895017,0.2654964074290723,299.326467171994,1.1931460408729653,Degraded
0.96582216115322,0.6114636112256608,301.8690659632992,2.9917081948366993,Degraded
0.432497878330132,0.6784999682926378,361.0027267403213,2.3769755779494695,Degraded
0.3118161330852596,0.31754970025758844,568.9481404774183,2.1117999434545442,Healthy
0.5061418628402441,0.8481092350156301,259.7995168211078,1.3882241080482969,Insulation Failure
0.4395116886329101,0.9471614629002478,916.1370409754812,0.6229020728876205,Insulation Failure
0.10566468426174391,0.8848551176960043,273.02870921760086,0.577642190087889,Insulation Failure
0.6408263146902062,0.7390669759393725,896.8575742445927,1.885453138621997,Degraded
0.2160381825095996,0.27746467972495403,112.4403130101188,2.4050818025976275,Healthy
0.6195879548978296,0.28161604210563174,659.9970753756558,1.8434479761096376,Degraded
0.6502010923981534,0.9633603204460379,907.9156632538612,2.6019626798477864,Insulation Failure
0.1520248531286481,0.010284495935692028,177.06194401424725,0.583566332733054,Healthy
0.06134962711066816,0.7160499732421445,968.6436904982625,1.4168801910648503,Degraded
0.7807615860684398,0.7062461625552622,458.35452681135655,1.0926759779354451,Degraded
0.4598004237693202,0.6226895409497974,946.2579573566143,1.618182420392805,Degraded
0.05816379550547579,0.9901088460868658,680.0518431937465,0.6809409829853061,Insulation Failure
0.9948663171697671,0.31187943576372523,308.57100117481605,2.885329103927681,Degraded
0.05778056099636664,0.3399718637932482,196.41949966793536,1.0581385026734023,Healthy
0.6950352288585532,0.07893940294655555,310.6976957628484,2.805769438708962,Degraded
0.9836789252634136,0.44279813654373745,102.08723517004825,1.5647328875917044,Degraded
0.23918010421592562,0.2610485262348481,152.42928667989648,2.963810333138045,Healthy
0.14224936868719618,0.3433867021776442,113.61383594301633,1.8851459586505268,Healthy
0.1213849394224289,0.8345717902556277,428.71410830414214,2.8270821604395184,Insulation Failure
0.30327514756759555,0.9354845135274957,797.6225924950105,0.5133724717355571,Insulation Failure
0.10104581101064669,0.18573307200518563,149.9697186741768,2.37059701545225,Healthy
0.6921613416941319,0.37250893155346587,139.01722884061252,2.7576266327562884,Degraded
0.06229179813006269,0.9286305621153941,646.9946600221574,0.8493014174473852,Insulation Failure
0.5094221281497897,0.06180846068922263,205.21115214838562,0.7403146293303787,Degraded
0.9966968538529768,0.09236052811137851,106.63393772790168,1.561431517964889,Physical Break
0.8139702695060188,0.16279098920622936,175.18009242352187,2.834197265332338,Degraded
0.6152194382310109,0.5952128341268748,924.4940819180083,1.8559664004760967,Degraded
0.30625362078661167,0.15047227100599747,823.2565402484289,1.8186411593043303,Healthy
0.6238958362916385,0.9680763814507335,360.5239167315431,0.8528152957483046,Insulation Failure
0.5270414639116516,0.44671452725852034,659.2625596541188,0.501973777733047,Degraded
0.4260833838903715,0.5015179603501664,541.9029169313577,2.525350226863653,Degraded
0.13071037674019947,0.2466586158054065,680.3530208477383,0.7189364074655955,Healthy
0.8866042152404667,0.4709602524347335,685.8444409381317,2.08462454683831,Degraded
0.4497846488213225,0.6619136326370115,632.446674909393,2.786541136287979,Degraded
0.19462251182076507,0.7511771369540428,273.4403548519355,1.0216297828960776,Insulation Failure
0.3677593508772896,0.753868082709913,48.616356555189945,2.1631820905922767,Insulation Failure
0.41412975252892703,0.5778911126940883,461.0111141702077,0.6967464417687736,Degraded
0.8275378955668743,0.9043597749938572,892.0641458437968,2.0093878595940327,Insulation Failure
0.733614380561402,0.8174078473061094,573.8022859333902,0.9098293023830069,Insulation Failure
0.7693048936413398,0.7570481146986254,834.0671312848889,2.339883901287945,Insulation Failure
0.011031264428647214,0.05560552168046062,991.7080995316159,1.2530782369847704,Healthy
0.4161539981797615,0.006877962219649314,171.9800420968935,1.6584775220116157,Healthy
0.4813441516353236,0.21244727719547296,694.8598627505625,1.9985763550690543,Healthy
0.019192276823056686,0.6635235939134523,677.5506379630244,0.9281835266655989,Degraded
0.2598132087450342,0.4111974888825458,980.1558928846956,2.354094546544052,Degraded
0.760289823122135,0.40240625929931173,985.7447266132723,1.2566008515920364,Degraded
0.13710970572899905,0.8845868882296137,689.8118256068882,2.155929649781884,Insulation Failure
0.5353101314525917,0.8955628481318387,251.1786440623723,0.8957076267484341,Insulation Failure
0.2152018720172375,0.9091752640535857,800.570279749293,2.2202941480158755,Insulation Failure
0.012120774643893273,0.3138780765150273,115.95884286892772,0.8204701820261544,Healthy
0.24120145759954148,0.6910558127392618,782.8923111299124,1.563391240674959,Degraded
0.9758737549100538,0.27163318127436964,911.0941629032494,1.118015184347192,Degraded
0.8015371118829896,0.19060983307444979,389.0050608207509,2.3709381235704563,Degraded
0.9595766443210334,0.18463245734736922,634.3289420332496,1.1550875112671863,Physical Break
0.48785404392636245,0.34210762086359403,435.841304775858,2.7042932659884906,Healthy
0.1097361986775035,0.4299576197798217,443.3874044382472,2.729550528516532,Degraded
0.547959488973693,0.8309491710550684,317.26718021703886,0.9911032880569646,Insulation Failure
0.4543773345599609,0.1198910934727121,764.5083242458214,2.0346148625193106,Healthy
0.844357082739616,0.7349258473948942,936.8147985248402,0.7192941042999108,Degraded
0.09808258078424459,0.5314549141893053,941.3433506421165,1.478842749004073,Degraded
0.4882411370217782,0.2879453426759925,183.03347202618448,2.283304323753181,Healthy
0.15004866469398426,0.4928195845328246,875.9962131600004,2.1485581171247907,Degraded
0.32467592689006,0.29994206977702265,740.057127012851,2.06175167351652,Healthy
0.7373570773877997,0.596081955238306,260.3090266833864,1.206352159156109,Degraded
0.47601812936876653,0.4338439228552442,76.6117667922994,1.445062373586005,Degraded
0.37588828514576933,0.16440552907887873,275.3172942155342,0.7573653617507154,Healthy
0.3944762785700353,0.11658307455569672,913.0861544137103,2.297557051084002,Healthy
0.45944676840598664,0.5466956820721302,636.8468881468145,1.759721991978184,Degraded
0.7850165438370569,0.9024130332861034,723.8441142888931,2.2719140808641365,Insulation Failure
0.8920846889402344,0.34395768655768555,264.5808275980049,1.122358811992182,Degraded
0.9553346865039283,0.7330001072226232,722.194274019072,1.3110955715876655,Degraded
0.7869033862552951,0.658661354939767,37.84029121514452,1.3355383431502865,Degraded
0.31540689574801273,0.931554914309481,381.56813231528366,0.5643560243680406,Insulation Failure
0.6881347060865421,0.8209810172991409,630.4858150569079,1.3526196820765588,Insulation Failure
0.4376031240553919,0.566605258905463,154.63559988590703,2.508261433795084,Degraded
0.2546706220460512,0.6570304982341073,824.7735387024654,2.743246239374346,Degraded
0.8408715794259226,0.8983864665840349,242.68098582379946,1.7955457890898185,Insulation Failure
0.038426348962324997,0.3995187845869348,655.7583016902618,1.6387542380480506,Healthy
0.9017619921354235,0.32679470585777737,411.1451711495764,0.5770615467484257,Degraded
0.46147746462473416,0.010811083635196339,600.0831595228707,2.6980108439634565,Healthy
0.6372014768082804,0.8265510741914642,116.37604710261904,0.5325255335646818,Insulation Failure
0.6593539222057827,0.8009807004033649,26.74367192239125,2.8618752005255295,Insulation Failure
0.8951177407065364,0.10445451810015138,910.4687831064982,1.7230406217202265,Degraded
0.6366696821672073,0.5768573811327002,276.93370867951097,1.3548362339368165,Degraded
0.6139335847600618,0.4639816981668874,821.4802327526545,2.8105460871066503,Degraded
0.06665204056068996,0.11870909550911146,999.3567974674781,0.5609774827752418,Healthy
0.5184080219452041,0.9805682270607236,219.31694541892205,1.9535622371727177,Insulation Failure
0.15016900081704165,0.21469588746335544,272.51903377152206,1.872331311248344,Healthy
0.7374337687214856,0.06723418009056115,666.231189758319,1.0483010030284552,Degraded
0.5122219208126745,0.5948473795019096,965.794148254615,1.5722185783755265,Degraded
0.6802277792083533,0.7388666771330327,916.6562047088365,2.1306600148594255,Degraded
0.041672900602384266,0.03244344604718696,507.846764864929,2.317827992204819,Healthy
0.08479201604580322,0.6587176387270222,797.1591797014574,0.5017921467664495,Degraded
0.7163233880626823,0.5322918759514544,144.38839456890204,2.842133575227538,Degraded
0.07208433599867337,0.10326500887504841,977.6638023619722,0.911313430982031,Healthy
0.0712567277652586,0.17252387694636206,964.7097016956267,1.083951085555898,Healthy
0.01210847523488745,0.5679742973160805,172.09166830037927,1.1586836142346206,Degraded
0.9565013982994801,0.2963576135132884,306.42889355507555,0.5945503413800883,Degraded
0.737508359459007,0.9383157286513161,109.15344753169926,0.8076303089758123,Insulation Failure
0.35325140850206416,0.8187402294840508,279.0004229091979,2.965874807360405,Insulation Failure
0.2965355812876552,0.983567206513663,817.7962315210546,1.288041843443215,Insulation Failure
0.34970322974584955,0.259670838950414,384.5324510936069,0.7882527258476233,Healthy
0.7746535311811819,0.969723632797977,97.51299747529079,0.7674781529365583,Insulation Failure
0.6613706110704144,0.43123386979155787,348.8032695311155,2.2986499191749297,Degraded
0.18519556786746794,0.3475187953137546,981.5695008988673,2.636421660081602,Healthy
0.17410933533408435,0.05034952696935324,633.3867593066109,1.1423807487711746,Healthy
0.09839564971339732,0.05276525785960262,421.9993369420962,0.5522737808380874,Healthy
0.6603027197013381,0.6920112559466547,174.8731283622973,1.0577250461133896,Degraded
0.7643726622217359,0.4579289944340279,986.3150293108579,0.6412892269918933,Degraded
0.265046428325004,0.2265216260361057,822.6405191704974,0.7584873415751038,Healthy
0.020944961030912812,0.6139703063252326,288.66252942641023,1.578770299619106,Degraded
0.08217166747642735,0.2528581182501112,79.36800876397756,1.0747959271540815,Healthy
0.9678600348450305,0.5776317543444226,66.05930180378246,1.7898646963135585,Moisture Intrusion
0.29544477747742026,0.35920874698269034,129.17436801047847,1.133734383142976,Healthy
0.7692231478381336,0.823552226611819,584.9608977782774,2.851343252757369,Insulation Failure
0.6246635688542638,0.8206961607667793,929.4757869934375,2.7648599198156614,Insulation Failure
0.3819396396528959,0.4773503981224013,501.77599372592465,1.917015262526165,Degraded
0.2056872621955551,0.3508191093350156,844.5160276316352,1.3860599799684654,Healthy
0.12138641815940643,0.36255979655909454,451.42775366120975,1.452867205086839,Healthy
0.6150129680388666,0.8057145256682179,711.497710310147,1.5296307078612423,Insulation Failure
0.774633780637788,0.328179482797612,734.5540099136358,2.31894830533736,Degraded
0.6439042535411307,0.20905937370684602,182.22406884430526,1.6290974887970948,Degraded
0.5303021332491583,0.08468834187530683,367.60389838605363,2.6418248662647437,Degraded
0.041951223431636264,0.4666931208844084,640.9291349726436,2.860236964825911,Degraded
0.9684887775943838,0.4821320989198419,79.98964210252252,1.3398653834473346,Moisture Intrusion
0.7987141916545746,0.8409087104029072,367.924785885327,1.9017362034392002,Insulation Failure
0.29282203670096474,0.22123869644606398,539.4514716183805,0.7376413420814111,Healthy
0.9799703293588506,0.3809912736683999,996.2622481141923,1.0011726194158974,Degraded
0.6018815896363221,0.8084057388936909,479.78822699621634,1.5336644167754003,Insulation Failure
0.5824226582072465,0.8236236107489735,817.8961895431803,1.0155067897544472,Insulation Failure
0.7480731794295321,0.3846110759787682,437.74661221595153,2.6914012269717937,Degraded
0.8117697880901376,0.4591240232866809,798.4268153935118,0.8957156401477452,Degraded
0.6564786073315027,0.3032858908492829,599.4606536039073,1.63915205388273,Degraded
0.12809574636620003,0.9325548784193121,887.7294870873743,2.014248101149689,Insulation Failure
0.3382675059944984,0.11864376574158031,416.8331268266088,2.229659770402111,Healthy
0.9280836403260497,0.93374942300147,608.261375623264,1.4576734243162668,Insulation Failure
0.22461561184385193,0.6838664518353432,633.718493812639,2.6727476718118215,Degraded
0.3721670238375133,0.5315721526867312,423.20911238246856,1.9207978776948138,Degraded
0.432076882944196,0.032659060784495875,152.8689232506067,1.5987694511188795,Healthy
0.4394049896944522,0.4755961918220083,102.62381284321219,0.6681015851300915,Degraded
0.6129395824945255,0.4077481050027323,26.50483509363677,1.6617236711129126,Degraded
0.9430758377447076,0.16121881197512256,874.7989216027624,2.5518396020393257,Physical Break
0.24069271183250496,0.6564096035006569,244.1101631163076,2.0363525455532887,Degraded
0.12150137630091806,0.9711509073682858,219.39168178895036,2.580406134322796,Insulation Failure
0.19747048985993731,0.5621888110645251,738.6750464218048,1.735029176498264,Degraded
0.8869249002092695,0.7147532764439458,326.81595195651784,0.7961542627362046,Degraded
0.645810812655206,0.06845045256601678,510.9842454877182,0.5340996145897027,Degraded
0.28590678923916013,0.41766699581699473,170.88595464448173,1.258048866796478,Degraded
0.8159469389686173,0.11635848516449587,960.1482642473495,2.2449761787444813,Degraded
0.861369996363436,0.6127958355365104,853.065586017065,2.4756497598542344,Degraded
0.846514338690278,0.9384821582141546,865.1517267353532,1.2393820865508236,Insulation Failure
0.9189265336395545,0.6617777324716385,412.7060110862852,1.7391348022081177,Degraded
0.2522410201733616,0.07680304831442153,764.7376015701011,1.552797261085204,Healthy
0.7550419287462783,0.35466620498508283,152.43739383588235,1.5263069608785695,Degraded
0.46053949727414,0.5506633794408515,18.532812565862475,1.0783717830003763,Degraded
0.8419985528900615,0.4032077561332522,29.773203252247843,0.840927762573646,Moisture Intrusion
0.7284906771616132,0.8336440104751723,590.7357200305148,0.9917213955780328,Insulation Failure
0.7764474464997246,0.8146710047099892,460.8409561954614,0.6383309679083653,Insulation Failure
0.6561618376810715,0.6118310201032214,522.8351954194345,0.9953268545589427,Degraded
0.17742876946970687,0.37345794513270525,17.388509013047212,0.5230022440634486,Healthy
0.5450269188969383,0.25533637376324414,428.45975346085146,2.0681460015899455,Degraded
0.9846697395245082,0.10587431821312931,720.8874795888522,1.2909385184692073,Physical Break
0.9373880664971189,0.35489768348655404,448.2667649477615,2.9328617785672715,Degraded
0.04317373579701167,0.4131725172077195,734.8970142491,0.9842926269407446,Degraded
0.16481481572943713,0.6758229251040736,240.68877475286644,1.3645714257739847,Degraded
0.1317287734545619,0.6581598242975735,815.0105844369082,1.394602896603833,Degraded
0.7259799099852955,0.07010813964125695,592.5469280489177,0.5211287401561513,Degraded
0.8177853298569451,0.3952593154311578,218.65546843560716,2.5980198825986474,Degraded
0.2135113663106719,0.18177886721736192,244.35327109529462,0.5799861503608118,Healthy
0.505852692951829,0.1568127053168057,631.7501599238417,2.8504495868231032,Degraded
0.8407030280112,0.8273021497372459,831.640197280319,2.7301858777340517,Insulation Failure
0.7328015447662506,0.04191521671625753,421.4715042088636,1.838804790214909,Degraded
0.5422372054918483,0.41918287590212133,265.7174248363163,1.8589889372782302,Degraded
0.5903476904587729,0.1682036557665182,868.3414908414944,2.1344448073903908,Degraded
0.50836054691628,0.879330215678474,672.5756088333266,1.4676250298372175,Insulation Failure
0.2975484513188206,0.5570405132750351,453.60463241024576,2.118055708494639,Degraded
0.5650219928590161,0.23138063637684803,493.0211933265088,0.6119209717212172,Degraded
0.6888853020500907,0.5024272871663764,212.21390325703243,0.6351190683743164,Degraded
0.8733229158608077,0.7314863597031158,630.5346037641955,1.643076049048861,Degraded
0.6362913539792481,0.9581180089194338,365.1550854374598,1.8740557527650874,Insulation Failure
0.761121537043158,0.22044600424541894,995.6887249076058,2.7195441008395473,Degraded
0.160071634954573,0.8861817721293451,485.381680109269,0.7616515847697407,Insulation Failure
0.4615574744197899,0.9343041141674903,491.02675012771704,2.5566198179847235,Insulation Failure
0.009331619827093296,0.9164205445320662,570.1932695365651,1.025118343230174,Insulation Failure
0.24667886452162302,0.6354143568619098,917.5884430875592,1.4852091212750795,Degraded
0.7264617151130048,0.6298206544347077,802.8099188611528,1.2915060870685322,Degraded
0.9918099513493635,0.4032106331838228,456.618769099863,1.5003881821634975,Degraded
0.0991780995872159,0.7523978823037879,721.512273313068,0.8762387451814639,Insulation Failure
0.40149431586128825,0.5312940183509319,590.373143792954,1.7589251860088875,Degraded
0.8000709686991595,0.6774380712282945,497.4433782142364,2.504106474578418,Degraded
0.20403563462889884,0.42845790384879545,200.39261505650703,1.6038350259472423,Degraded
0.5550849493022862,0.7314964640431391,469.296900820342,1.7265339397454977,Degraded
0.7330712960296748,0.8244715176045491,253.36040115234889,2.6219189632032855,Insulation Failure
0.615985450260179,0.14643625660281612,915.6937283531381,2.265145286595077,Degraded
0.18802473461541613,0.832929715574228,342.0527453613835,1.7261360212994619,Insulation Failure
0.3553845686857394,0.5402965317903072,952.7413743880386,1.1442391204729492,Degraded
0.7837917844853972,0.8446659090902243,537.7247371937641,2.7123168671124165,Insulation Failure
0.5542265141320166,0.4313017063410146,635.2289348893987,1.9425510042263958,Degraded
0.005229613542912737,0.37904048538303503,547.5110400444345,1.0528690252767334,Healthy
0.7609907600280938,0.9150607325172224,138.08681079703388,1.172799381595026,Insulation Failure
0.03531135494023907,0.2511692675484013,382.06300681786155,2.507832722340615,Healthy
0.7457337827312321,0.8442123252861431,108.1546511548477,0.6103639052186387,Insulation Failure
0.2024805601652374,0.4840205725094041,626.7245037415479,2.98023046757205,Degraded
0.9580734801193802,0.5140954425512597,452.4054532484345,0.8258791992869794,Degraded
0.3679407513020845,0.308468281489484,780.2051218552275,2.4901713134923433,Healthy
0.3269316163380791,0.5730422006190157,228.26577618937614,1.4869382919292071,Degraded
0.14888805033244468,0.3252111962762113,172.92039784504158,1.7305404582186672,Healthy
0.3056042154902149,0.03926941424165231,412.26890865413014,2.7016264436614446,Healthy
0.8766507618282006,0.27199860534435605,927.3195293861974,1.532277973973033,Degraded
0.9963343376272473,0.006379043406590679,713.3175968622876,1.8437343841830862,Physical Break
0.36830953050684834,0.9783547870568566,424.7343885449895,0.6232491560229249,Insulation Failure
0.44861063095454257,0.9657472098197475,522.0994480567674,0.5058686846686329,Insulation Failure
0.722070938202737,0.39515529747230504,93.37088106532735,1.1119996825043148,Degraded
0.8861957804650745,0.728370854339646,984.730137412352,2.201457732296918,Degraded
0.5930443341867842,0.345806098410425,669.7432316479698,0.8031622333978418,Degraded
0.39152569817782934,0.671093157085976,292.55002777878826,0.7844048970113735,Degraded
0.41262184084862374,0.8054300430459791,589.9503102730919,1.5274015200897582,Insulation Failure
0.6956181464968069,0.9467562446922407,118.38754240830403,2.119592596520566,Insulation Failure
0.0032182636042786816,0.400212275849672,966.1783021195077,2.280179980619826,Degraded
0.6195893374598407,0.7832979829560477,183.03713800453227,0.9461266852459369,Insulation Failure
0.3554930104413574,0.2659284506321188,651.550014874662,0.6989703684301061,Healthy
0.7941973312770843,0.9903323037936483,252.99991791354114,2.8509925848638606,Insulation Failure
0.09299063982313216,0.025769598764351143,720.3857688220504,1.1516659564052543,Healthy
0.5882022669483905,0.603528806501121,779.0531535678782,2.6333662440218095,Degraded
0.48097288988612374,0.6595059816513271,676.6855316223183,2.6587286261570457,Degraded
0.6423255259052274,0.6880455570741288,618.3544656526406,2.431306479406361,Degraded
0.06485359448296835,0.12038757878908901,893.5444030124916,0.9220840166314253,Healthy
0.5799837874281313,0.9385297834731304,87.84044387986046,2.554503648135501,Insulation Failure
0.5614845879595237,0.1811832790500828,337.60561812239325,2.4231263981039666,Degraded
0.5606600944161709,0.6227534032398411,255.8046048345375,1.9918074752655428,Degraded
0.6034876665964548,0.22267607912308496,988.1338224447674,1.3430050879223818,Degraded
0.6764679372263622,0.3072164170212709,395.49588187020476,1.1562715106663601,Degraded
0.8049889996807698,0.5464585417281244,735.2865722479947,0.8047230302008974,Degraded
0.26982072012821434,0.4171934185645765,687.8779122421945,1.7743926672521786,Degraded
0.8250494101800621,0.1602256009765063,219.96042510260395,1.9631521887746164,Degraded
0.4982556822634536,0.1709364024208483,246.6077034094358,1.398347476289468,Healthy
0.07705827913433116,0.41814478816279965,288.4717179175038,1.6883976692021714,Degraded
0.0585509292439792,0.7572829782755007,417.01600547678544,1.4087861434231668,Insulation Failure
0.3342383186960608,0.8979646468477885,241.98181499402153,2.102515143301753,Insulation Failure
0.7848969771114676,0.08412766225938284,29.454967919379325,2.7531480194914084,Degraded
0.7076809347409158,0.39310390755940106,880.5991262391235,0.9098006551173622,Degraded
0.7886149646724064,0.10024556372287663,965.9537330670753,1.4535220247578087,Degraded
0.5172690564416094,0.016592480632597884,348.15468316125225,0.8521715098771533,Degraded
0.44019899795549056,0.6617186826439566,345.1218106312181,2.06235942601958,Degraded
0.14745252670628395,0.6024494419665878,17.020894646627276,2.3221762737214897,Degraded
0.32819275360931155,0.1630191138148862,683.4481814470703,2.82978183149364,Healthy
0.43401936617387527,0.2338128330930641,827.1854967911424,1.1971798156524123,Healthy
0.08860042967961723,0.02370775364451838,155.14221735640314,2.8755280146635753,Healthy
0.22061195271121126,0.8349472056944037,168.06968587347924,0.658156679551687,Insulation Failure
0.5982252940637388,0.9746905960485515,792.1824174717234,2.0075346584114704,Insulation Failure
0.7356631142391898,0.1354595367946908,620.1278408706032,0.6428317983583249,Degraded
0.9983475113929496,0.23147521376529812,54.41195205143984,2.734435469404862,Moisture Intrusion
0.9331133313435577,0.868409523946934,626.3215205576589,1.8245226426751353,Insulation Failure
0.6425651995351915,0.9264637979561848,315.8285456153284,2.17337087690699,Insulation Failure
0.421248053294072,0.41962738280681033,375.0379039161375,2.5789348147761313,Degraded
0.6361773647082327,0.050622472269074126,772.0341041139114,0.8757765562099219,Degraded
0.785651618080232,0.0393918336928194,812.8258407458845,0.5964789048453346,Degraded
0.11833619092338732,0.5739498660690104,406.3530605714323,2.6972028647821302,Degraded
0.40990488969628824,0.392895108893179,947.6814066462912,1.2873330686473312,Healthy
0.8398022856356172,0.028652427577654516,412.3980907725515,0.8224472698179132,Degraded
0.383832951933044,0.5832523923125568,774.1176748778088,1.6711530927177163,Degraded
0.5718722712271865,0.011302536589022472,489.03849191861644,1.995765189240047,Degraded
0.5877693608621982,0.787371958149273,898.5570032568631,0.5774265085562753,Insulation Failure
0.18447625313363936,0.3064328227033716,908.6836312136768,1.1872391456427194,Healthy
0.3622354416522884,0.0402580030092321,96.54263979237302,0.58199968569224,Healthy
0.33451128874193214,0.5883522209831533,937.1283979971234,1.5508384729887474,Degraded
0.026196708532064794,0.3976844144330547,827.2794931052115,2.7377500726656105,Healthy
0.024191763891355245,0.9738004133571495,793.3976071695402,2.956631028733923,Insulation Failure
0.8316970436757735,0.5441986625037022,208.9022262886672,2.092618883759069,Degraded
0.2730708099728124,0.2752391810370083,807.0680166671183,0.9040942344614795,Healthy
0.5180787662388154,0.7094388646339748,851.6314073381865,2.7646234749982646,Degraded
0.29872557358877305,0.27149200254271133,296.25883110960945,1.7906195580001512,Healthy
0.9406792451153405,0.9042432914075651,952.7374775787005,0.8843732802572952,Insulation Failure
0.25929675886577375,0.37472197050737643,59.36154493517261,2.8043166736291534,Healthy
0.4296568127389351,0.5498685627762052,158.41016071466828,2.3936726268077573,Degraded
0.8727302504846018,0.05057310382422886,542.2053266709992,2.329263181807879,Degraded
0.8419335667918086,0.4261212379522308,580.0345464110866,2.272951759486012,Degraded
0.18610141784627732,0.832363539660995,648.6985824678943,1.0008495527411059,Insulation Failure
0.8026433097957104,0.8056488053633419,26.799438022311794,1.0275167292688152,Insulation Failure
0.45818688673789265,0.22431855885352625,960.763106875909,2.2207324960681376,Healthy
0.4829688720853552,0.22607907101056268,54.14221180680255,1.0493068752759922,Healthy
0.13347997241594378,0.8173053122132368,151.63133319616836,1.5966792420076221,Insulation Failure
0.08060151375712465,0.9303984201693255,23.87437235079641,2.4550045639848532,Insulation Failure
0.7279393069737652,0.09536092127300355,571.1898489611538,2.4598812952446023,Degraded
0.49646115235529975,0.45005863942622526,932.9442150817625,1.633154431314649,Degraded
0.43685070261517955,0.33745427896422897,669.2876944196596,2.4804748456881125,Healthy
0.7295082286523967,0.8706884554574393,824.4308937956231,2.596554490495142,Insulation Failure
0.7655128989911097,0.08352491468001877,23.148391423994283,2.1369393782106507,Degraded
0.15890816766935356,0.2111259425580374,546.5951454949288,1.0710646307710503,Healthy
0.6102251494776413,0.7524683375864943,464.96734773046666,1.1850294509638688,Insulation Failure
0.13535408227768553,0.051293848981215584,503.9782647785851,1.2871028885218383,Healthy
0.7513750860290457,0.49253538071428926,81.49105348183606,0.7920102693348801,Degraded
0.6569551562671395,0.44210703467972,687.5910074586144,1.182899050924863,Degraded
0.956614621083458,0.33440117898874866,508.1882107100481,1.0237980607813304,Degraded
0.06895801635642118,0.3945723153189238,767.4973613626513,1.6383218745215054,Healthy
0.05705472115125432,0.5299405869302329,490.4377277210982,2.771093869680662,Degraded
0.28218707469320015,0.16136735838838312,157.88781986416777,0.7612007918848952,Healthy
